name	class	owner_lane
GE1_ADRENO_AD_ACCU	active-lane	renderer
GE1_ADRENO_BLEND_MIX	play-default	CF2
GE1_ADRENO_DSTREAD	diag	CF2
GE1_ANISO	play-default	CFG1
GE1_BACKTHREAD	diag	CF2
GE1_CAS	active-lane	renderer
GE1_DISPLAY_SIZE	gate	UR1
GE1_DRAW_BUFFERING	play-default	CU3
GE1_FEEDBACK_LOOP	active-lane	renderer
GE1_FXAA	gate	renderer
GE1_GS_AHB_EXPORT	play-default	CF2
GE1_GS_DATA_DIR	play-default	CF2
GE1_GS_RESOURCES_DIR	play-default	CF2
GE1_PIPE_FLUSH_VSYNCS	play-default	CF2
GE1_PIPE_STATS_CSV	active-lane	renderer
GE1_RENDERER	gate	CF2
GE1_REPLAY_AHB_PPM	active-lane	renderer
GE1_REPLAY_BACK_CSV	active-lane	renderer
GE1_REPLAY_EXPORT	active-lane	renderer
GE1_REPLAY_PPM_DIR	active-lane	renderer
GE1_REPLAY_PPM_TICKS	active-lane	renderer
GE1_SHADEBOOST	active-lane	PPX1
GE1_SHADEBOOST_B	active-lane	PPX1
GE1_SHADEBOOST_C	active-lane	PPX1
GE1_SHADEBOOST_G	active-lane	PPX1
GE1_SHADEBOOST_S	active-lane	PPX1
GE1_SNAPSHOT_SIZE	active-lane	IX1
GE1_TFX_PREWARM	play-default	CF2
GE1_TRILINEAR	active-lane	renderer
GE1_UPSCALE	play-default	CU3
GE1_UPSCALE_FIX	active-lane	renderer
GE1_VERTEX_KICK	diag	CF3
GE1_VK_TURNIP	play-default	CF2
PS2X_ADPF	active-lane	AD1
PS2X_ASPECT	diag	I26
PS2X_AUDIO_DC_BLOCK	play-default	AU19
PS2X_AUDIO_RESAMPLE	play-default	AU13
PS2X_AUDIO_STRETCH	active-lane	AT1
PS2X_BOOT_ELF	play-default	W1F2
PS2X_CD_IMAGE	play-default	renderer
PS2X_CD_OVERLAY	play-default	TK3
PS2X_CD_READ_TRACE	active-lane	E41
PS2X_COVERAGE_TICK	gate	CT1
PS2X_DEINTERLACE	play-default	renderer
PS2X_DETERMINISTIC	gate	E55B2
PS2X_DET_HASH_EVERY	gate	E55C2
PS2X_DIAG_PARK	active-lane	renderer
PS2X_DIAG_PERIOD_MS	active-lane	renderer
PS2X_DIAG_WATCH	active-lane	renderer
PS2X_DISPLAY_HZ	play-default	DP1
PS2X_DROP_SILENCE	active-lane	renderer
PS2X_EE_FPMODE	active-lane	E53
PS2X_FH10_HIST	active-lane	FH10
PS2X_FH1_COUNT	active-lane	FH1
PS2X_FH1_COUNT_ARGS	active-lane	FH2
PS2X_FH1_PEEK	active-lane	FH1
PS2X_FH1_SEQ	active-lane	FH1
PS2X_FH1_SEQ_TICKS	active-lane	FH1
PS2X_FH1_SRC	active-lane	FH7
PS2X_FH1_TAP	active-lane	FH1
PS2X_FH1_TAP_EVERY	active-lane	FH1
PS2X_FH26_TAP	active-lane	FH26
PS2X_FH27_ANIM	active-lane	FH27
PS2X_FH9_AI	active-lane	FH9
PS2X_FRAME_DUMP_DIR	play-default	renderer
PS2X_FRAME_DUMP_ONCE_TICKS	gate	E56
PS2X_GAME_THREAD_CPUS	play-default	N11
PS2X_GAME_THREAD_STACK_KB	gate	F4
PS2X_GE1_EXPORT_SIZE	play-default	UR1
PS2X_GS_BACKEND	play-default	GB4
PS2X_GS_CAPTURE	diag	GB4
PS2X_GS_CAPTURE_STOP_TICK	diag	GB4
PS2X_GS_EXTERNAL_LIBRARY	play-default	GE1
PS2X_GS_FINISH_TIMING	play-default	IR1b
PS2X_GS_HANDOFF_DIET	play-default	GF1
PS2X_GS_IOSURFACE_DUMP_DIR	active-lane	GI1
PS2X_GS_L2H_TRACE	active-lane	SQ2
PS2X_GS_REPLAY_BACKEND	diag	GB4
PS2X_GS_REPLAY_CAPTURE	diag	GB4
PS2X_GS_REPLAY_OUT	diag	GB4
PS2X_GS_REPLAY_PKTSEQ	diag	N8D7M12
PS2X_GS_REPLAY_PPM_DIR	diag	GB4
PS2X_GS_REPLAY_PPM_TICKS	diag	GB4
PS2X_GS_REPLAY_STEP	diag	GB4
PS2X_HLE_POOLS_LOW	play-default	TK39
PS2X_INPUT_DIAG	active-lane	IN4
PS2X_INPUT_DIAG_DIR	active-lane	IN4
PS2X_IOP_MODE	active-lane	
PS2X_IOS_AUDIO_SESSION	diag	IA1
PS2X_IOS_TOUCH_EVENTS	user-toggle	IN4
PS2X_LAUNCH_HZ	user-toggle	TG1
PS2X_LAUNCH_LAYER	user-toggle	TKO1
PS2X_MC_ROOT	play-default	I26
PS2X_MICROVU_FLAG_HACK	play-default	VU2
PS2X_MICROVU_LIB	gate	SS4
PS2X_MISSING_FUNCTION_POLICY	gate	E56
PS2X_MTVU	play-default	MT1
PS2X_MTVU_BUSY_PER_VBLANK	gate	VG2
PS2X_MTVU_CPUS	play-default	MT1
PS2X_MTVU_FINISH_EE	play-default	MQ2
PS2X_MTVU_GIF_STAGE	play-default	VPL1
PS2X_MTVU_JITTER	active-lane	MT1
PS2X_MTVU_LAG	play-default	MT1
PS2X_MTVU_STAGE_WAIT	play-default	HT1/OPK1
PS2X_MTVU_VIF1_STAT_FREE	play-default	MQ3
PS2X_MTVU_VIF_STAGE	play-default	VPL2
PS2X_MTVU_WAIT	active-lane	MW1
PS2X_PAD_READ_LOG	active-lane	IN2
PS2X_PAD_RECORD_DIR	play-default	IR1b
PS2X_PAD_SCRIPT	play-default	E31
PS2X_PAD_SCRIPT_CLOCK	play-default	E33
PS2X_PERF_LOG	play-default	IP3
PS2X_PERF_LOG_DIR	play-default	IP3
PS2X_PKB	active-lane	PKB1
PS2X_PRESENT_CAPTURE_DIR	active-lane	PSO1
PS2X_PRESENT_CAPTURE_TICKS	active-lane	PSO1
PS2X_PRESENT_FILTER	active-lane	I26
PS2X_PRESENT_OWNERSHIP	active-lane	PSO1
PS2X_PRESENT_OWN_LOG	active-lane	PSO1
PS2X_PRESENT_OWN_STRESS	active-lane	PSO1
PS2X_PRESENT_PER_VSYNC	play-default	IQ1
PS2X_PRESENT_VULKAN	diag	VK1
PS2X_PRESENT_ZERO_COPY	play-default	HR1
PS2X_PROFILE	user-toggle	CF2
PS2X_RB2_LOG_MAX	active-lane	RB2
PS2X_RB_LAGF_FRAMES	active-lane	LT1b
PS2X_RB_LAGF_VERIFY	active-lane	LT1b
PS2X_SAVESTATE_EXIT_AFTER_SAVE	gate	SS1
PS2X_SAVESTATE_LOAD	gate	SS1
PS2X_SAVESTATE_PATH	gate	SS1
PS2X_SAVESTATE_SAVE_AT	gate	SS1
PS2X_SAVESTATE_STRICT	gate	SS1
PS2X_SKIP_MOVIE	play-default	E29
PS2X_SND_DUMP_DIR	active-lane	AU2
PS2X_SND_LOG	gate	AU2
PS2X_SND_MIX_RAW	active-lane	AU9
PS2X_SND_TAG1	active-lane	AU5
PS2X_SND_WAV_OUT	active-lane	AT1
PS2X_SOUND	play-default	AU3
PS2X_SOUND_WAV	active-lane	AU3
PS2X_SPU_INTERP	diag	AU13
PS2X_SSX3_COURSE_MANIFEST	play-default	TK2
PS2X_SSX3_COURSE_PICKER	play-default	TK7
PS2X_SSX3_DRAWTABLE_GUARD	play-default	TK15c
PS2X_SSX3_DRAWTABLE_STATS	active-lane	TK22
PS2X_SSX3_DRAW_HZ	gate	DL1
PS2X_SSX3_FULL120	play-default	FH1
PS2X_SSX3_FULL120_FASTHOOKS	play-default	GT3
PS2X_SSX3_FULL120_FIX	play-default	FH1,INP2,INP3
PS2X_SSX3_FULL120_HOOKS	active-lane	HK1
PS2X_SSX3_LOD_SCALE	user-toggle	LOD1
PS2X_SSX3_PATCH_CACHE_GROW	play-default	TK34
PS2X_SSX3_PATCH_CACHE_GROW_BASE	active-lane	TK34
PS2X_SSX3_PATCH_CACHE_GUARD	play-default	TK15
PS2X_SSX3_SIM_MODE	play-default	TS2
PS2X_SSX3_SPATIAL_LIST_GUARD	play-default	TK38
PS2X_SSX3_SPLIT120_CRASHBODY	play-default	TK34
PS2X_SSX3_TRICKY_MENU	play-default	TK11
PS2X_SSX3_VIS_NATIVE	play-default	VNP1
PS2X_STRETCH_FEED	play-default	AU16
PS2X_STRETCH_LEAVE	active-lane	AU12
PS2X_STRETCH_REJOIN_MS	active-lane	AU12
PS2X_STRETCH_SUSTAIN_MS	active-lane	AU12
PS2X_STRETCH_TRACE	diag	AU12
PS2X_THREAD_CPU_LOG	gate	HR1
PS2X_TK12_AP_DPAD_DEG	active-lane	APH1
PS2X_TK12_AP_FROM	active-lane	APH1
PS2X_TK12_AP_FULL_DEG	active-lane	APH1
PS2X_TK12_AP_LOOK	active-lane	APH1
PS2X_TK12_AP_PTR	active-lane	APH1
PS2X_TK12_AP_ROUTE	active-lane	APH1
PS2X_TK12_AP_TO	active-lane	APH1
PS2X_TK12_CLIP	active-lane	APH1
PS2X_UNIT_WAIT_CENSUS	active-lane	GE1
PS2X_UNPACED	gate	FP1
PS2X_VIF1_REVERSE_DMA	play-default	RB1
PS2X_VIRTUAL_PAD	user-toggle	I26
PS2X_VPAD_SHOULDER_BAND	active-lane	VT3
PS2X_VPAD_TEST_TAP	active-lane	IN2
PS2X_VPAD_TEST_TOUCHES	active-lane	I26
PS2X_VSYNC_LOCK	play-default	PX1
PS2X_VSYNC_LOCK_AUDIO	play-default	AU15
PS2X_VSYNC_RATE_INTERVAL_S	gate	GE1
PS2X_VSYNC_RATE_LOG	gate	E58
PS2X_VU0_BLOCKS	diag	VBK1
PS2X_VU0_DIRECT	play-default	VR3
PS2X_VU0_LEAN_ENTRY	active-lane	VZ1
PS2X_VU0_RECOMP	play-default	VR3
PS2X_VU0_RECOMP_DUMP	active-lane	VR3
PS2X_VU1_ENGINE	play-default	IR1b
PS2X_VU1_RECOMP_STATS	gate	VR1
PS2X_VU_FLOAT	diag	VF1
PS2X_WIDESCREEN	diag	W1
PS2X_EE_DISPATCH_FAST	play-default	DSP1
PS2X_ACHIEVEMENTS	play-default	ACH2
PS2X_ACH_SET	active-lane	ACH2
PS2X_QUICKSTATE_UI	play-default	QSR1
PS2X_IOS_DOCUMENTS	active-lane	QSR1
PS2X_SSX3_TRICKY_HUD	active-lane	TK43a
PS2X_SSX3_TRICKY_HUD_ART	active-lane	TK43a
PS2X_SSX3_TRICKY_HUD_FORCE	diag	TK43a
PS2X_SSX3_TRICKY_SONG	active-lane	TK43c
PS2X_SSX3_TRICKY_LETTERS_PRESET	diag	TK43c
PS2X_VU_TELEMETRY	play-default	TEL1
PS2X_GS_TELEMETRY	play-default	TEL1
PS2X_GS_TFX_RECORD	diag	TEL1
PS2X_COVERAGE_OUT	play-default	TEL2
PS2X_SESSION_LOG	play-default	TEL2
