address	name	source	confidence
0x00113198	cAirPredictor_reset	ssxdecomp/ssx3@0ca6b276a657cd7d6f973f5b8a159282c86537b1:config/symbol_addrs.txt:104	unverified
0x001135B8	cAirPredictor_startLaunchIntoAir	ssxdecomp/ssx3@0ca6b276a657cd7d6f973f5b8a159282c86537b1:config/symbol_addrs.txt:92	unverified
0x00113618	cAirPredictor_initLaunch	ssxdecomp/ssx3@0ca6b276a657cd7d6f973f5b8a159282c86537b1:config/symbol_addrs.txt:105	unverified
0x00116950	gGenTrickName	ssxdecomp/ssx3@0ca6b276a657cd7d6f973f5b8a159282c86537b1:config/symbol_addrs.txt:82	unverified
0x00116E08	gGenMonsterTrickReqName	ssxdecomp/ssx3@0ca6b276a657cd7d6f973f5b8a159282c86537b1:config/symbol_addrs.txt:83	unverified
0x001172E0	cRiderMetrix_linkToRider	ssxdecomp/ssx3@0ca6b276a657cd7d6f973f5b8a159282c86537b1:config/symbol_addrs.txt:90	unverified
0x0011A088	cRiderMetrix_evAutoResetSurface	ssxdecomp/ssx3@0ca6b276a657cd7d6f973f5b8a159282c86537b1:config/symbol_addrs.txt:94	unverified
0x0011B698	cRider_cRider	ssxdecomp/ssx3@0ca6b276a657cd7d6f973f5b8a159282c86537b1:config/symbol_addrs.txt:84	unverified
0x0011BB40	cRider_addFocusBox	ssxdecomp/ssx3@0ca6b276a657cd7d6f973f5b8a159282c86537b1:config/symbol_addrs.txt:88	unverified
0x0011BB98	cRider_addRiderMetrix	ssxdecomp/ssx3@0ca6b276a657cd7d6f973f5b8a159282c86537b1:config/symbol_addrs.txt:89	unverified
0x0011C230	cRider_initOnce	ssxdecomp/ssx3@0ca6b276a657cd7d6f973f5b8a159282c86537b1:config/symbol_addrs.txt:85	unverified
0x0011E098	cRider_updateOrientationImplicit	ssxdecomp/ssx3@0ca6b276a657cd7d6f973f5b8a159282c86537b1:config/symbol_addrs.txt:86	unverified
0x0011FA10	cRider_doLeanPoseAdjust	ssxdecomp/ssx3@0ca6b276a657cd7d6f973f5b8a159282c86537b1:config/symbol_addrs.txt:87	unverified
0x0011FF98	cRider_getMass	ssxdecomp/ssx3@0ca6b276a657cd7d6f973f5b8a159282c86537b1:config/symbol_addrs.txt:93	unverified
0x001253D0	cRider_quitEvent	ssxdecomp/ssx3@0ca6b276a657cd7d6f973f5b8a159282c86537b1:config/symbol_addrs.txt:91	unverified
0x001286A0	cAI_cAI	ssxdecomp/ssx3@0ca6b276a657cd7d6f973f5b8a159282c86537b1:config/symbol_addrs.txt:98	unverified
0x00129C00	cAI_initMissionRiders	ssxdecomp/ssx3@0ca6b276a657cd7d6f973f5b8a159282c86537b1:config/symbol_addrs.txt:103	unverified
0x00129E20	cAI_initComputerRiders	ssxdecomp/ssx3@0ca6b276a657cd7d6f973f5b8a159282c86537b1:config/symbol_addrs.txt:100	unverified
0x00129FF8	cAI_initComputerActors	ssxdecomp/ssx3@0ca6b276a657cd7d6f973f5b8a159282c86537b1:config/symbol_addrs.txt:101	unverified
0x0012B280	cAI_loadAnims	ssxdecomp/ssx3@0ca6b276a657cd7d6f973f5b8a159282c86537b1:config/symbol_addrs.txt:99	unverified
0x00136C40	cWipeoutMotion_gainFocus	ssxdecomp/ssx3@0ca6b276a657cd7d6f973f5b8a159282c86537b1:config/symbol_addrs.txt:95	unverified
0x00138B48	cHandplantMotion_gainFocus	ssxdecomp/ssx3@0ca6b276a657cd7d6f973f5b8a159282c86537b1:config/symbol_addrs.txt:96	unverified
0x001448D8	cBENewRaceInterface_getThis	ssxdecomp/ssx3@0ca6b276a657cd7d6f973f5b8a159282c86537b1:config/symbol_addrs.txt:147	unverified
0x00144AA8	cBENewRaceInterface_setNumberHumans	ssxdecomp/ssx3@0ca6b276a657cd7d6f973f5b8a159282c86537b1:config/symbol_addrs.txt:160	unverified
0x00144AF8	cBENewRaceInterface_setNumberMission	ssxdecomp/ssx3@0ca6b276a657cd7d6f973f5b8a159282c86537b1:config/symbol_addrs.txt:162	unverified
0x00144D98	cBENewRaceInterface_setNumberAI	ssxdecomp/ssx3@0ca6b276a657cd7d6f973f5b8a159282c86537b1:config/symbol_addrs.txt:161	unverified
0x00145930	cBENewPlayerInterface_cBENewPlayerInterface	ssxdecomp/ssx3@0ca6b276a657cd7d6f973f5b8a159282c86537b1:config/symbol_addrs.txt:167	unverified
0x00145970	cBENewPlayerInterface_getThis	ssxdecomp/ssx3@0ca6b276a657cd7d6f973f5b8a159282c86537b1:config/symbol_addrs.txt:148	unverified
0x00145BD8	cBENewPlayerInterface_defaultCtrl	ssxdecomp/ssx3@0ca6b276a657cd7d6f973f5b8a159282c86537b1:config/symbol_addrs.txt:168	unverified
0x00145F90	cBENewPlayerInterface_isPeakLocked	ssxdecomp/ssx3@0ca6b276a657cd7d6f973f5b8a159282c86537b1:config/symbol_addrs.txt:171	unverified
0x00146008	cBENewPlayerInterface_isPeakLocked1	ssxdecomp/ssx3@0ca6b276a657cd7d6f973f5b8a159282c86537b1:config/symbol_addrs.txt:172	unverified
0x00147488	cBENewPlayerInterface_getPlayerCharID	ssxdecomp/ssx3@0ca6b276a657cd7d6f973f5b8a159282c86537b1:config/symbol_addrs.txt:170	unverified
0x00147798	cBENewPlayerInterface_getPlayerID	ssxdecomp/ssx3@0ca6b276a657cd7d6f973f5b8a159282c86537b1:config/symbol_addrs.txt:169	unverified
0x001477E8	cBENewPlayerInterface_isMissionMan	ssxdecomp/ssx3@0ca6b276a657cd7d6f973f5b8a159282c86537b1:config/symbol_addrs.txt:164	unverified
0x00147898	cBENewPlayerInterface_resetFromMissionMan	ssxdecomp/ssx3@0ca6b276a657cd7d6f973f5b8a159282c86537b1:config/symbol_addrs.txt:165	unverified
0x00148F50	cBEStatInterface_getCollisionAttrib	ssxdecomp/ssx3@0ca6b276a657cd7d6f973f5b8a159282c86537b1:config/symbol_addrs.txt:124	unverified
0x0014A080	cBELibrary_getCharacterID	ssxdecomp/ssx3@0ca6b276a657cd7d6f973f5b8a159282c86537b1:config/symbol_addrs.txt:114	unverified
0x0014A0E0	cBELibrary_getProfileIndex	ssxdecomp/ssx3@0ca6b276a657cd7d6f973f5b8a159282c86537b1:config/symbol_addrs.txt:157	unverified
0x0014A130	cBELibrary_getRiderIndex	ssxdecomp/ssx3@0ca6b276a657cd7d6f973f5b8a159282c86537b1:config/symbol_addrs.txt:158	unverified
0x0014AB68	cBELibrary_getScoreType	ssxdecomp/ssx3@0ca6b276a657cd7d6f973f5b8a159282c86537b1:config/symbol_addrs.txt:146	unverified
0x0014DC80	cBE_getBE	ssxdecomp/ssx3@0ca6b276a657cd7d6f973f5b8a159282c86537b1:config/symbol_addrs.txt:106	unverified
0x0014DD58	cBE_getInterface	ssxdecomp/ssx3@0ca6b276a657cd7d6f973f5b8a159282c86537b1:config/symbol_addrs.txt:107	unverified
0x0014DE68	cBE_setState	ssxdecomp/ssx3@0ca6b276a657cd7d6f973f5b8a159282c86537b1:config/symbol_addrs.txt:142	unverified
0x0014DFA8	cBE_readFromReplayFrame	ssxdecomp/ssx3@0ca6b276a657cd7d6f973f5b8a159282c86537b1:config/symbol_addrs.txt:143	unverified
0x0014E0E0	cBENetworkInterface_getThis	ssxdecomp/ssx3@0ca6b276a657cd7d6f973f5b8a159282c86537b1:config/symbol_addrs.txt:152	unverified
0x0014EF30	cBECharacterInterface_getWeight	ssxdecomp/ssx3@0ca6b276a657cd7d6f973f5b8a159282c86537b1:config/symbol_addrs.txt:123	unverified
0x0014F250	cBEOptionInterface_getThis	ssxdecomp/ssx3@0ca6b276a657cd7d6f973f5b8a159282c86537b1:config/symbol_addrs.txt:149	unverified
0x0014F678	cBEOptionInterface_getDefaultQuickKeyMessageHashValue	ssxdecomp/ssx3@0ca6b276a657cd7d6f973f5b8a159282c86537b1:config/symbol_addrs.txt:159	unverified
0x0014F900	cBEBAGTInterface_getThis	ssxdecomp/ssx3@0ca6b276a657cd7d6f973f5b8a159282c86537b1:config/symbol_addrs.txt:151	unverified
0x001508D8	cBEEconInterface_getThis	ssxdecomp/ssx3@0ca6b276a657cd7d6f973f5b8a159282c86537b1:config/symbol_addrs.txt:155	unverified
0x001509C0	cBEEconInterface_getTotalMoneyEarned	ssxdecomp/ssx3@0ca6b276a657cd7d6f973f5b8a159282c86537b1:config/symbol_addrs.txt:173	unverified
0x00152398	cBECharProfileDB_getScoreStats	ssxdecomp/ssx3@0ca6b276a657cd7d6f973f5b8a159282c86537b1:config/symbol_addrs.txt:145	unverified
0x00152638	cBESaveInterface_getThis	ssxdecomp/ssx3@0ca6b276a657cd7d6f973f5b8a159282c86537b1:config/symbol_addrs.txt:150	unverified
0x00153088	cBERaceState_getState	ssxdecomp/ssx3@0ca6b276a657cd7d6f973f5b8a159282c86537b1:config/symbol_addrs.txt:140	unverified
0x001532A0	cBEMissionInterface_getThis	ssxdecomp/ssx3@0ca6b276a657cd7d6f973f5b8a159282c86537b1:config/symbol_addrs.txt:154	unverified
0x001535C0	cBEMissionInterface_getCurrentCollectForPeak	ssxdecomp/ssx3@0ca6b276a657cd7d6f973f5b8a159282c86537b1:config/symbol_addrs.txt:174	unverified
0x00154948	cBEScoreInterface_getThis	ssxdecomp/ssx3@0ca6b276a657cd7d6f973f5b8a159282c86537b1:config/symbol_addrs.txt:153	unverified
0x001552B0	cBEScoreInterface_getCurrentHighlightLevel	ssxdecomp/ssx3@0ca6b276a657cd7d6f973f5b8a159282c86537b1:config/symbol_addrs.txt:176	unverified
0x00155A50	cBEAggressionInterface_getThis	ssxdecomp/ssx3@0ca6b276a657cd7d6f973f5b8a159282c86537b1:config/symbol_addrs.txt:117	unverified
0x00156338	cBEPostRaceState_getState	ssxdecomp/ssx3@0ca6b276a657cd7d6f973f5b8a159282c86537b1:config/symbol_addrs.txt:141	unverified
0x00156570	cBEPreRaceState_getState	ssxdecomp/ssx3@0ca6b276a657cd7d6f973f5b8a159282c86537b1:config/symbol_addrs.txt:139	unverified
0x001569C0	cBERewardInterface_getThis	ssxdecomp/ssx3@0ca6b276a657cd7d6f973f5b8a159282c86537b1:config/symbol_addrs.txt:156	unverified
0x00156A60	cBERewardInterface_isBetterMedal	ssxdecomp/ssx3@0ca6b276a657cd7d6f973f5b8a159282c86537b1:config/symbol_addrs.txt:175	unverified
0x00158910	cBERewardInterface_getTrackMedal	ssxdecomp/ssx3@0ca6b276a657cd7d6f973f5b8a159282c86537b1:config/symbol_addrs.txt:177	unverified
0x00158AF0	cBERewardInterface_getEarningsMedal	ssxdecomp/ssx3@0ca6b276a657cd7d6f973f5b8a159282c86537b1:config/symbol_addrs.txt:178	unverified
0x0015AD58	cBERewardDB_init	ssxdecomp/ssx3@0ca6b276a657cd7d6f973f5b8a159282c86537b1:config/symbol_addrs.txt:144	unverified
0x0015C988	cCameraAlgoList_insert	ssxdecomp/ssx3@0ca6b276a657cd7d6f973f5b8a159282c86537b1:config/symbol_addrs.txt:233	unverified
0x0015CBA0	cCameraController_cCameraController	ssxdecomp/ssx3@0ca6b276a657cd7d6f973f5b8a159282c86537b1:config/symbol_addrs.txt:234	unverified
0x0015CD80	cManualCameraController_cManualCameraController	ssxdecomp/ssx3@0ca6b276a657cd7d6f973f5b8a159282c86537b1:config/symbol_addrs.txt:238	unverified
0x0015D078	cChaseCameraController_createChaseAlgorithmBlend	ssxdecomp/ssx3@0ca6b276a657cd7d6f973f5b8a159282c86537b1:config/symbol_addrs.txt:235	unverified
0x0015DC18	cCamera_resetChaseControllerSwitches	ssxdecomp/ssx3@0ca6b276a657cd7d6f973f5b8a159282c86537b1:config/symbol_addrs.txt:241	unverified
0x0015DC70	cCamera_cCamera	ssxdecomp/ssx3@0ca6b276a657cd7d6f973f5b8a159282c86537b1:config/symbol_addrs.txt:239	unverified
0x00168FE8	cScriptCameraController_cScriptCameraController	ssxdecomp/ssx3@0ca6b276a657cd7d6f973f5b8a159282c86537b1:config/symbol_addrs.txt:236	unverified
0x00169190	cScriptCameraController_addCamera	ssxdecomp/ssx3@0ca6b276a657cd7d6f973f5b8a159282c86537b1:config/symbol_addrs.txt:237	unverified
0x0016BF20	cCameraTriggerList_init	ssxdecomp/ssx3@0ca6b276a657cd7d6f973f5b8a159282c86537b1:config/symbol_addrs.txt:243	unverified
0x0016C120	cCameraTriggerList_insert	ssxdecomp/ssx3@0ca6b276a657cd7d6f973f5b8a159282c86537b1:config/symbol_addrs.txt:249	unverified
0x0016C170	cCameraTriggerList_loadFromFile	ssxdecomp/ssx3@0ca6b276a657cd7d6f973f5b8a159282c86537b1:config/symbol_addrs.txt:245	unverified
0x0016C228	cCameraTriggerList_loadFromBuffer	ssxdecomp/ssx3@0ca6b276a657cd7d6f973f5b8a159282c86537b1:config/symbol_addrs.txt:246	unverified
0x0016C390	cCameraTriggerList_initHeader	ssxdecomp/ssx3@0ca6b276a657cd7d6f973f5b8a159282c86537b1:config/symbol_addrs.txt:244	unverified
0x0016C3A8	cCameraTriggerList_readCookie	ssxdecomp/ssx3@0ca6b276a657cd7d6f973f5b8a159282c86537b1:config/symbol_addrs.txt:247	unverified
0x0016C3D0	cCameraTriggerList_readHeader	ssxdecomp/ssx3@0ca6b276a657cd7d6f973f5b8a159282c86537b1:config/symbol_addrs.txt:248	unverified
0x0016C428	readTrigger	ssxdecomp/ssx3@0ca6b276a657cd7d6f973f5b8a159282c86537b1:config/symbol_addrs.txt:215	unverified
0x0016C4C8	readVolume	ssxdecomp/ssx3@0ca6b276a657cd7d6f973f5b8a159282c86537b1:config/symbol_addrs.txt:216	unverified
0x0016C4F0	readBoundObj	ssxdecomp/ssx3@0ca6b276a657cd7d6f973f5b8a159282c86537b1:config/symbol_addrs.txt:219	unverified
0x0016C518	readAction	ssxdecomp/ssx3@0ca6b276a657cd7d6f973f5b8a159282c86537b1:config/symbol_addrs.txt:217	unverified
0x0016C5A8	tCameraTrigger__tCameraTrigger	ssxdecomp/ssx3@0ca6b276a657cd7d6f973f5b8a159282c86537b1:config/symbol_addrs.txt:242	unverified
0x0016C628	cActiveTriggerList_purge	ssxdecomp/ssx3@0ca6b276a657cd7d6f973f5b8a159282c86537b1:config/symbol_addrs.txt:250	unverified
0x0016C718	cActiveTriggerList_add	ssxdecomp/ssx3@0ca6b276a657cd7d6f973f5b8a159282c86537b1:config/symbol_addrs.txt:251	unverified
0x0016C9B0	cCameraTriggerMan_cleanupOnExit	ssxdecomp/ssx3@0ca6b276a657cd7d6f973f5b8a159282c86537b1:config/symbol_addrs.txt:254	unverified
0x0016CBE0	cCameraTriggerMan_purge	ssxdecomp/ssx3@0ca6b276a657cd7d6f973f5b8a159282c86537b1:config/symbol_addrs.txt:253	unverified
0x0016CE30	cCameraTriggerMan_streamIn	ssxdecomp/ssx3@0ca6b276a657cd7d6f973f5b8a159282c86537b1:config/symbol_addrs.txt:255	unverified
0x0016D1B8	cCameraTriggerMan_setInGameTriggers	ssxdecomp/ssx3@0ca6b276a657cd7d6f973f5b8a159282c86537b1:config/symbol_addrs.txt:240	unverified
0x0016D200	cCameraTriggerStack_init	ssxdecomp/ssx3@0ca6b276a657cd7d6f973f5b8a159282c86537b1:config/symbol_addrs.txt:252	unverified
0x001712B0	get_camaction	ssxdecomp/ssx3@0ca6b276a657cd7d6f973f5b8a159282c86537b1:config/symbol_addrs.txt:221	unverified
0x001714E8	get_cCTActionBoundedCam	ssxdecomp/ssx3@0ca6b276a657cd7d6f973f5b8a159282c86537b1:config/symbol_addrs.txt:224	unverified
0x001715A0	get_cCTActionSwitchCam	ssxdecomp/ssx3@0ca6b276a657cd7d6f973f5b8a159282c86537b1:config/symbol_addrs.txt:223	unverified
0x001715F8	get_cCTActionSpline	ssxdecomp/ssx3@0ca6b276a657cd7d6f973f5b8a159282c86537b1:config/symbol_addrs.txt:225	unverified
0x00171680	get_cCTActionNone	ssxdecomp/ssx3@0ca6b276a657cd7d6f973f5b8a159282c86537b1:config/symbol_addrs.txt:226	unverified
0x00171690	get_camboundobj	ssxdecomp/ssx3@0ca6b276a657cd7d6f973f5b8a159282c86537b1:config/symbol_addrs.txt:220	unverified
0x00171A20	get_cCTBoundObjEllipse	ssxdecomp/ssx3@0ca6b276a657cd7d6f973f5b8a159282c86537b1:config/symbol_addrs.txt:227	unverified
0x00171B10	get_cCTBoundObjBox	ssxdecomp/ssx3@0ca6b276a657cd7d6f973f5b8a159282c86537b1:config/symbol_addrs.txt:228	unverified
0x00171C00	get_cCTBoundObjLine	ssxdecomp/ssx3@0ca6b276a657cd7d6f973f5b8a159282c86537b1:config/symbol_addrs.txt:229	unverified
0x00171D10	get_cCTBoundObjPoint	ssxdecomp/ssx3@0ca6b276a657cd7d6f973f5b8a159282c86537b1:config/symbol_addrs.txt:230	unverified
0x00171D58	get_camspline	ssxdecomp/ssx3@0ca6b276a657cd7d6f973f5b8a159282c86537b1:config/symbol_addrs.txt:222	unverified
0x00172E18	get_camvolume	ssxdecomp/ssx3@0ca6b276a657cd7d6f973f5b8a159282c86537b1:config/symbol_addrs.txt:218	unverified
0x00172FE0	get_cCTVolumeEllipse	ssxdecomp/ssx3@0ca6b276a657cd7d6f973f5b8a159282c86537b1:config/symbol_addrs.txt:231	unverified
0x001730D0	get_cCTVolumeBox	ssxdecomp/ssx3@0ca6b276a657cd7d6f973f5b8a159282c86537b1:config/symbol_addrs.txt:232	unverified
0x0017ACC8	cBackgroundMan_loadImages	ssxdecomp/ssx3@0ca6b276a657cd7d6f973f5b8a159282c86537b1:config/symbol_addrs.txt:392	unverified
0x00183DE0	cWScriptMan_checkGate	ssxdecomp/ssx3@0ca6b276a657cd7d6f973f5b8a159282c86537b1:config/symbol_addrs.txt:262	unverified
0x00184668	cFEStateUberTrick_costVisible	ssxdecomp/ssx3@0ca6b276a657cd7d6f973f5b8a159282c86537b1:config/symbol_addrs.txt:394	unverified
0x00184828	cFEStateUberTrick_trickVisible	ssxdecomp/ssx3@0ca6b276a657cd7d6f973f5b8a159282c86537b1:config/symbol_addrs.txt:395	unverified
0x0018B380	cFEStateOptionsSound_updateWidget	ssxdecomp/ssx3@0ca6b276a657cd7d6f973f5b8a159282c86537b1:config/symbol_addrs.txt:416	unverified
0x00190540	cFEStateProfileLoad_initCreateScreen	ssxdecomp/ssx3@0ca6b276a657cd7d6f973f5b8a159282c86537b1:config/symbol_addrs.txt:417	unverified
0x00190DE0	cFEStateRiderBio_fillDNAInfo	ssxdecomp/ssx3@0ca6b276a657cd7d6f973f5b8a159282c86537b1:config/symbol_addrs.txt:452	unverified
0x00190F48	cFEStateRiderBio_fillFavesInfo	ssxdecomp/ssx3@0ca6b276a657cd7d6f973f5b8a159282c86537b1:config/symbol_addrs.txt:453	unverified
0x001910C0	cFEStateRiderBio_fillQnAInfo	ssxdecomp/ssx3@0ca6b276a657cd7d6f973f5b8a159282c86537b1:config/symbol_addrs.txt:454	unverified
0x00191228	cFEStateRiderBio_fillBioInfo	ssxdecomp/ssx3@0ca6b276a657cd7d6f973f5b8a159282c86537b1:config/symbol_addrs.txt:455	unverified
0x001913B8	cFEStateRuleSelect_setupMenu	ssxdecomp/ssx3@0ca6b276a657cd7d6f973f5b8a159282c86537b1:config/symbol_addrs.txt:456	unverified
0x001956F8	cFE_cFE	ssxdecomp/ssx3@0ca6b276a657cd7d6f973f5b8a159282c86537b1:config/symbol_addrs.txt:386	unverified
0x001959A8	cFELocale_addFile	ssxdecomp/ssx3@0ca6b276a657cd7d6f973f5b8a159282c86537b1:config/symbol_addrs.txt:383	unverified
0x001981F8	cFEStateRequestLine_updateHelpText	ssxdecomp/ssx3@0ca6b276a657cd7d6f973f5b8a159282c86537b1:config/symbol_addrs.txt:460	unverified
0x00198340	cFEStateRequestLine_updateButtonsText	ssxdecomp/ssx3@0ca6b276a657cd7d6f973f5b8a159282c86537b1:config/symbol_addrs.txt:459	unverified
0x001986D0	cFEStateRequestLine_updateHilightedSongInfo	ssxdecomp/ssx3@0ca6b276a657cd7d6f973f5b8a159282c86537b1:config/symbol_addrs.txt:461	unverified
0x00198DB8	cFEStateCharEquip_cFEStateCharEquip	ssxdecomp/ssx3@0ca6b276a657cd7d6f973f5b8a159282c86537b1:config/symbol_addrs.txt:389	unverified
0x0019BBE0	cFEStateCharEquip_updateHeading	ssxdecomp/ssx3@0ca6b276a657cd7d6f973f5b8a159282c86537b1:config/symbol_addrs.txt:457	unverified
0x0019E680	cFERider_initBoneMap	ssxdecomp/ssx3@0ca6b276a657cd7d6f973f5b8a159282c86537b1:config/symbol_addrs.txt:384	unverified
0x0019E960	cFERider_init	ssxdecomp/ssx3@0ca6b276a657cd7d6f973f5b8a159282c86537b1:config/symbol_addrs.txt:385	unverified
0x001A0648	cFEFlowState_setNumStates	ssxdecomp/ssx3@0ca6b276a657cd7d6f973f5b8a159282c86537b1:config/symbol_addrs.txt:387	unverified
0x001A2B00	cRealFE_loadCharAnimations	ssxdecomp/ssx3@0ca6b276a657cd7d6f973f5b8a159282c86537b1:config/symbol_addrs.txt:391	unverified
0x001A36E8	cFEAsyncManager_Load3PeakPic	ssxdecomp/ssx3@0ca6b276a657cd7d6f973f5b8a159282c86537b1:config/symbol_addrs.txt:444	unverified
0x001A3768	cFEAsyncManager_Load1PeakPic	ssxdecomp/ssx3@0ca6b276a657cd7d6f973f5b8a159282c86537b1:config/symbol_addrs.txt:445	unverified
0x001A38C0	cFEAsyncManager_UnloadFEAsyncFile	ssxdecomp/ssx3@0ca6b276a657cd7d6f973f5b8a159282c86537b1:config/symbol_addrs.txt:440	unverified
0x001A39C0	cFEAsyncManager_GetFileStatus	ssxdecomp/ssx3@0ca6b276a657cd7d6f973f5b8a159282c86537b1:config/symbol_addrs.txt:443	unverified
0x001A39D8	cFEAsyncManager_SetFileStatus	ssxdecomp/ssx3@0ca6b276a657cd7d6f973f5b8a159282c86537b1:config/symbol_addrs.txt:450	unverified
0x001A3CD8	cFEAsyncManager_LoadDataFile	ssxdecomp/ssx3@0ca6b276a657cd7d6f973f5b8a159282c86537b1:config/symbol_addrs.txt:451	unverified
0x001C58E8	cScreenPopup_cScreenPopup	ssxdecomp/ssx3@0ca6b276a657cd7d6f973f5b8a159282c86537b1:config/symbol_addrs.txt:399	unverified
0x001C6230	cScreenPopup_FillObjectPointers	ssxdecomp/ssx3@0ca6b276a657cd7d6f973f5b8a159282c86537b1:config/symbol_addrs.txt:403	unverified
0x001C8258	cScreenPopup_setTextString	ssxdecomp/ssx3@0ca6b276a657cd7d6f973f5b8a159282c86537b1:config/symbol_addrs.txt:401	unverified
0x001C9648	cScreenPopup_getMessageLineWrapSize	ssxdecomp/ssx3@0ca6b276a657cd7d6f973f5b8a159282c86537b1:config/symbol_addrs.txt:404	unverified
0x001C9B98	cScreenPopup_createConfirmationPopup	ssxdecomp/ssx3@0ca6b276a657cd7d6f973f5b8a159282c86537b1:config/symbol_addrs.txt:400	unverified
0x001CA6A0	cScreenPopup_checkAndFixTextEntry	ssxdecomp/ssx3@0ca6b276a657cd7d6f973f5b8a159282c86537b1:config/symbol_addrs.txt:402	unverified
0x001CA900	cBuyPopupInfo_initBuySongByCredit	ssxdecomp/ssx3@0ca6b276a657cd7d6f973f5b8a159282c86537b1:config/symbol_addrs.txt:405	unverified
0x001CA980	cBuyPopupInfo_initBuySong	ssxdecomp/ssx3@0ca6b276a657cd7d6f973f5b8a159282c86537b1:config/symbol_addrs.txt:406	unverified
0x001CAB10	cBuyPopupInfo_initBuyBolt	ssxdecomp/ssx3@0ca6b276a657cd7d6f973f5b8a159282c86537b1:config/symbol_addrs.txt:407	unverified
0x001CAF58	cUIStateBuyPopup_initBuyTrick	ssxdecomp/ssx3@0ca6b276a657cd7d6f973f5b8a159282c86537b1:config/symbol_addrs.txt:408	unverified
0x001CCF70	cKeyboardPopup_setStatic	ssxdecomp/ssx3@0ca6b276a657cd7d6f973f5b8a159282c86537b1:config/symbol_addrs.txt:418	unverified
0x001CD0D8	cKeyboardPopup_getObjName	ssxdecomp/ssx3@0ca6b276a657cd7d6f973f5b8a159282c86537b1:config/symbol_addrs.txt:420	unverified
0x001CD708	cKeyboardPopup_redrawScreen	ssxdecomp/ssx3@0ca6b276a657cd7d6f973f5b8a159282c86537b1:config/symbol_addrs.txt:419	unverified
0x001CD9A0	cKeyboardPopup_SetNameForKey	ssxdecomp/ssx3@0ca6b276a657cd7d6f973f5b8a159282c86537b1:config/symbol_addrs.txt:421	unverified
0x001CE758	setChallengeName	ssxdecomp/ssx3@0ca6b276a657cd7d6f973f5b8a159282c86537b1:config/symbol_addrs.txt:381	unverified
0x001CE9E0	setChallengeStats	ssxdecomp/ssx3@0ca6b276a657cd7d6f973f5b8a159282c86537b1:config/symbol_addrs.txt:382	unverified
0x001D2678	cFEStateMountainRoom_cFEStateMountainRoom	ssxdecomp/ssx3@0ca6b276a657cd7d6f973f5b8a159282c86537b1:config/symbol_addrs.txt:390	unverified
0x001D3EC8	cFEStatePeakRoom_updateHelpText	ssxdecomp/ssx3@0ca6b276a657cd7d6f973f5b8a159282c86537b1:config/symbol_addrs.txt:458	unverified
0x001D9948	cFEMemCard_createReadBuffer	ssxdecomp/ssx3@0ca6b276a657cd7d6f973f5b8a159282c86537b1:config/symbol_addrs.txt:415	unverified
0x001DB148	__sti__all_in_one_main_cpp	ssxdecomp/ssx3@0ca6b276a657cd7d6f973f5b8a159282c86537b1:config/symbol_addrs.txt:74	unverified
0x001F1840	cOVStateHUD1P_renderTime	ssxdecomp/ssx3@0ca6b276a657cd7d6f973f5b8a159282c86537b1:config/symbol_addrs.txt:462	unverified
0x001F4EA8	cFEStateBuyAttrib_updateLevels	ssxdecomp/ssx3@0ca6b276a657cd7d6f973f5b8a159282c86537b1:config/symbol_addrs.txt:423	unverified
0x001F4FC0	cFEStateBuyAttrib_updateCostPerLevel	ssxdecomp/ssx3@0ca6b276a657cd7d6f973f5b8a159282c86537b1:config/symbol_addrs.txt:424	unverified
0x001F50B0	cFEStateBuyAttrib_updateExperienceDisplay	ssxdecomp/ssx3@0ca6b276a657cd7d6f973f5b8a159282c86537b1:config/symbol_addrs.txt:425	unverified
0x001F5240	cFEStateBuyAttrib_updateTotalCost	ssxdecomp/ssx3@0ca6b276a657cd7d6f973f5b8a159282c86537b1:config/symbol_addrs.txt:422	unverified
0x001F52A0	cFEStateBuyAttrib_updateBank	ssxdecomp/ssx3@0ca6b276a657cd7d6f973f5b8a159282c86537b1:config/symbol_addrs.txt:426	unverified
0x001F5BA8	cFEStateCareerStats_setupMenuFocus	ssxdecomp/ssx3@0ca6b276a657cd7d6f973f5b8a159282c86537b1:config/symbol_addrs.txt:428	unverified
0x001F5DA0	cFEStateCareerStats_setupHighlightsList	ssxdecomp/ssx3@0ca6b276a657cd7d6f973f5b8a159282c86537b1:config/symbol_addrs.txt:427	unverified
0x001F6890	cFEStateCareerStats_setupRidersBest	ssxdecomp/ssx3@0ca6b276a657cd7d6f973f5b8a159282c86537b1:config/symbol_addrs.txt:429	unverified
0x001F7198	cOVState_ENTERLODGE_onCreateScreen	ssxdecomp/ssx3@0ca6b276a657cd7d6f973f5b8a159282c86537b1:config/symbol_addrs.txt:314	unverified
0x001F73A8	cOVState_BIGCHALLENGE_START_onCreateScreen	ssxdecomp/ssx3@0ca6b276a657cd7d6f973f5b8a159282c86537b1:config/symbol_addrs.txt:369	unverified
0x001F7418	cOVState_BIGCHALLENGE_START_onGainTransition	ssxdecomp/ssx3@0ca6b276a657cd7d6f973f5b8a159282c86537b1:config/symbol_addrs.txt:370	unverified
0x001F8168	cOVTemplate_PauseMenu_onCreateScreen	ssxdecomp/ssx3@0ca6b276a657cd7d6f973f5b8a159282c86537b1:config/symbol_addrs.txt:372	unverified
0x001FB180	cOVState_PAUSE_ONLINE_ERROR_displayPingTimedOut	ssxdecomp/ssx3@0ca6b276a657cd7d6f973f5b8a159282c86537b1:config/symbol_addrs.txt:465	unverified
0x001FB218	cOVState_PAUSE_ONLINE_ERROR_displayPingReceived	ssxdecomp/ssx3@0ca6b276a657cd7d6f973f5b8a159282c86537b1:config/symbol_addrs.txt:466	unverified
0x001FB378	cOVState_PAUSE_ONLINE_ERROR_setContinueOptionVisible	ssxdecomp/ssx3@0ca6b276a657cd7d6f973f5b8a159282c86537b1:config/symbol_addrs.txt:464	unverified
0x00200700	cUITemplate_MAP_onCreateScreen	ssxdecomp/ssx3@0ca6b276a657cd7d6f973f5b8a159282c86537b1:config/symbol_addrs.txt:430	unverified
0x00200DE8	cUITemplate_MAP_setupMenus	ssxdecomp/ssx3@0ca6b276a657cd7d6f973f5b8a159282c86537b1:config/symbol_addrs.txt:439	unverified
0x00201720	cUITemplate_MAP_setupEventUnlock	ssxdecomp/ssx3@0ca6b276a657cd7d6f973f5b8a159282c86537b1:config/symbol_addrs.txt:433	unverified
0x00201750	cUITemplate_MAP_setupPeakUnlock	ssxdecomp/ssx3@0ca6b276a657cd7d6f973f5b8a159282c86537b1:config/symbol_addrs.txt:432	unverified
0x00202828	cUITemplate_MAP_onUpdate	ssxdecomp/ssx3@0ca6b276a657cd7d6f973f5b8a159282c86537b1:config/symbol_addrs.txt:442	unverified
0x00202AD8	cUITemplate_MAP_setupLayout	ssxdecomp/ssx3@0ca6b276a657cd7d6f973f5b8a159282c86537b1:config/symbol_addrs.txt:434	unverified
0x002030A0	cUITemplate_MAP_setupMenuFocus	ssxdecomp/ssx3@0ca6b276a657cd7d6f973f5b8a159282c86537b1:config/symbol_addrs.txt:438	unverified
0x00203990	cUITemplate_MAP_setupMapPic	ssxdecomp/ssx3@0ca6b276a657cd7d6f973f5b8a159282c86537b1:config/symbol_addrs.txt:435	unverified
0x00203A58	cUITemplate_MAP_setupPopup	ssxdecomp/ssx3@0ca6b276a657cd7d6f973f5b8a159282c86537b1:config/symbol_addrs.txt:436	unverified
0x00203CB8	cUITemplate_MAP_setShowInfo	ssxdecomp/ssx3@0ca6b276a657cd7d6f973f5b8a159282c86537b1:config/symbol_addrs.txt:431	unverified
0x00203D40	cUITemplate_MAP_setupPeakInfo	ssxdecomp/ssx3@0ca6b276a657cd7d6f973f5b8a159282c86537b1:config/symbol_addrs.txt:437	unverified
0x00205098	cUITemplate_MAP_setupPeakGoals	ssxdecomp/ssx3@0ca6b276a657cd7d6f973f5b8a159282c86537b1:config/symbol_addrs.txt:441	unverified
0x00206690	cUITemplate_MAP_showEventPath	ssxdecomp/ssx3@0ca6b276a657cd7d6f973f5b8a159282c86537b1:config/symbol_addrs.txt:446	unverified
0x00208F88	cOVState_MAP_setupPopup	ssxdecomp/ssx3@0ca6b276a657cd7d6f973f5b8a159282c86537b1:config/symbol_addrs.txt:447	unverified
0x002096A8	cOVState_MAP_setupPlayerIndicator	ssxdecomp/ssx3@0ca6b276a657cd7d6f973f5b8a159282c86537b1:config/symbol_addrs.txt:448	unverified
0x00209970	cOVState_MAP_setupLocalSessionList	ssxdecomp/ssx3@0ca6b276a657cd7d6f973f5b8a159282c86537b1:config/symbol_addrs.txt:449	unverified
0x0020D110	cOVStateManager_addPDATemplate	ssxdecomp/ssx3@0ca6b276a657cd7d6f973f5b8a159282c86537b1:config/symbol_addrs.txt:396	unverified
0x0020E6B0	cOVState_REPLAY_setupCameraName	ssxdecomp/ssx3@0ca6b276a657cd7d6f973f5b8a159282c86537b1:config/symbol_addrs.txt:397	unverified
0x0020E818	cOVState_REPLAY_setupTicker	ssxdecomp/ssx3@0ca6b276a657cd7d6f973f5b8a159282c86537b1:config/symbol_addrs.txt:398	unverified
0x002111A0	cOVState_PROFILE_onCreateScreen	ssxdecomp/ssx3@0ca6b276a657cd7d6f973f5b8a159282c86537b1:config/symbol_addrs.txt:376	unverified
0x00212360	cOVState_AUTOSAVE_displayOn	ssxdecomp/ssx3@0ca6b276a657cd7d6f973f5b8a159282c86537b1:config/symbol_addrs.txt:463	unverified
0x002127E8	__sti__all_in_one_fe_cpp	ssxdecomp/ssx3@0ca6b276a657cd7d6f973f5b8a159282c86537b1:config/symbol_addrs.txt:73	unverified
0x002227D0	luno_cLunoVM_execute	ssxdecomp/ssx3@0ca6b276a657cd7d6f973f5b8a159282c86537b1:config/symbol_addrs.txt:519	unverified
0x00224E50	luno_cLunoTable_constructTable	ssxdecomp/ssx3@0ca6b276a657cd7d6f973f5b8a159282c86537b1:config/symbol_addrs.txt:517	unverified
0x00225338	luno_cLunoTable_set	ssxdecomp/ssx3@0ca6b276a657cd7d6f973f5b8a159282c86537b1:config/symbol_addrs.txt:518	unverified
0x00226830	cSSXApp_cSSXApp	ssxdecomp/ssx3@0ca6b276a657cd7d6f973f5b8a159282c86537b1:config/symbol_addrs.txt:543	unverified
0x00226B60	cSSXApp_loadInputMap	ssxdecomp/ssx3@0ca6b276a657cd7d6f973f5b8a159282c86537b1:config/symbol_addrs.txt:548	unverified
0x00227BF0	cSSXApp_parseCommandLine	ssxdecomp/ssx3@0ca6b276a657cd7d6f973f5b8a159282c86537b1:config/symbol_addrs.txt:550	unverified
0x00227E68	cSSXApp_flush	ssxdecomp/ssx3@0ca6b276a657cd7d6f973f5b8a159282c86537b1:config/symbol_addrs.txt:528	unverified
0x00227E98	cSSXApp_preUpdate	ssxdecomp/ssx3@0ca6b276a657cd7d6f973f5b8a159282c86537b1:config/symbol_addrs.txt:529	unverified
0x00227F58	cSSXApp_timerCallback	ssxdecomp/ssx3@0ca6b276a657cd7d6f973f5b8a159282c86537b1:config/symbol_addrs.txt:530	unverified
0x002281D8	cSSXApp_startGameLoad	ssxdecomp/ssx3@0ca6b276a657cd7d6f973f5b8a159282c86537b1:config/symbol_addrs.txt:545	unverified
0x002282D0	cSSXApp_initload	ssxdecomp/ssx3@0ca6b276a657cd7d6f973f5b8a159282c86537b1:config/symbol_addrs.txt:547	unverified
0x00228A78	cSSXApp_initLocale	ssxdecomp/ssx3@0ca6b276a657cd7d6f973f5b8a159282c86537b1:config/symbol_addrs.txt:549	unverified
0x00228EE0	initOnline	ssxdecomp/ssx3@0ca6b276a657cd7d6f973f5b8a159282c86537b1:config/symbol_addrs.txt:542	unverified
0x0022E3B8	cGameViewMan_cGameViewMan	ssxdecomp/ssx3@0ca6b276a657cd7d6f973f5b8a159282c86537b1:config/symbol_addrs.txt:553	unverified
0x0022E840	cGameViewMan_updateAll	ssxdecomp/ssx3@0ca6b276a657cd7d6f973f5b8a159282c86537b1:config/symbol_addrs.txt:554	unverified
0x0022F6B0	cGame_loadTrack	ssxdecomp/ssx3@0ca6b276a657cd7d6f973f5b8a159282c86537b1:config/symbol_addrs.txt:556	unverified
0x00230488	cGame_exit	ssxdecomp/ssx3@0ca6b276a657cd7d6f973f5b8a159282c86537b1:config/symbol_addrs.txt:489	unverified
0x00238160	cGameModeMan_initGameMode	ssxdecomp/ssx3@0ca6b276a657cd7d6f973f5b8a159282c86537b1:config/symbol_addrs.txt:488	unverified
0x002382D8	cGameModeMan_restartHeat	ssxdecomp/ssx3@0ca6b276a657cd7d6f973f5b8a159282c86537b1:config/symbol_addrs.txt:552	unverified
0x0023C808	cMCOverlayManager_getManager	ssxdecomp/ssx3@0ca6b276a657cd7d6f973f5b8a159282c86537b1:config/symbol_addrs.txt:544	unverified
0x0023CDB0	cMCOverlayManager_setTitleString	ssxdecomp/ssx3@0ca6b276a657cd7d6f973f5b8a159282c86537b1:config/symbol_addrs.txt:558	unverified
0x00241710	cMCOverlayManager_GetDeviceDisplayString	ssxdecomp/ssx3@0ca6b276a657cd7d6f973f5b8a159282c86537b1:config/symbol_addrs.txt:498	unverified
0x00242D10	cStreamPause_construct	ssxdecomp/ssx3@0ca6b276a657cd7d6f973f5b8a159282c86537b1:config/symbol_addrs.txt:555	unverified
0x002438F0	cSSXApp__cSSXApp	ssxdecomp/ssx3@0ca6b276a657cd7d6f973f5b8a159282c86537b1:config/symbol_addrs.txt:524	unverified
0x002472C0	cFELoadState_InitwidgetMultiP	ssxdecomp/ssx3@0ca6b276a657cd7d6f973f5b8a159282c86537b1:config/symbol_addrs.txt:541	unverified
0x00247AB0	cFELoadState_widgetCreateQP	ssxdecomp/ssx3@0ca6b276a657cd7d6f973f5b8a159282c86537b1:config/symbol_addrs.txt:540	unverified
0x00247E60	cRenderTogglesMenu_cRenderTogglesMenu	ssxdecomp/ssx3@0ca6b276a657cd7d6f973f5b8a159282c86537b1:config/symbol_addrs.txt:577	unverified
0x00248970	cVisualEffectsTestMenu_cVisualEffectsTestMenu	ssxdecomp/ssx3@0ca6b276a657cd7d6f973f5b8a159282c86537b1:config/symbol_addrs.txt:578	unverified
0x00248DC8	cPlantsMenu_cPlantsMenu	ssxdecomp/ssx3@0ca6b276a657cd7d6f973f5b8a159282c86537b1:config/symbol_addrs.txt:579	unverified
0x00249148	cLightGlowMenu_cLightGlowMenu	ssxdecomp/ssx3@0ca6b276a657cd7d6f973f5b8a159282c86537b1:config/symbol_addrs.txt:580	unverified
0x002498A0	cDepthFogMenu_cDepthFogMenu	ssxdecomp/ssx3@0ca6b276a657cd7d6f973f5b8a159282c86537b1:config/symbol_addrs.txt:581	unverified
0x00249B28	cHeightFogMenu_cHeightFogMenu	ssxdecomp/ssx3@0ca6b276a657cd7d6f973f5b8a159282c86537b1:config/symbol_addrs.txt:582	unverified
0x00249C68	cDetailSystemMenu_cDetailSystemMenu	ssxdecomp/ssx3@0ca6b276a657cd7d6f973f5b8a159282c86537b1:config/symbol_addrs.txt:583	unverified
0x0024A228	cScreenTintMenu_cScreenTintMenu	ssxdecomp/ssx3@0ca6b276a657cd7d6f973f5b8a159282c86537b1:config/symbol_addrs.txt:585	unverified
0x0024ABB8	cShadowMenu_cShadowMenu	ssxdecomp/ssx3@0ca6b276a657cd7d6f973f5b8a159282c86537b1:config/symbol_addrs.txt:586	unverified
0x0024AE90	cSnowSurfaceMenu_cSnowSurfaceMenu	ssxdecomp/ssx3@0ca6b276a657cd7d6f973f5b8a159282c86537b1:config/symbol_addrs.txt:587	unverified
0x0024B0E8	cBoardTrailMenu_cBoardTrailMenu	ssxdecomp/ssx3@0ca6b276a657cd7d6f973f5b8a159282c86537b1:config/symbol_addrs.txt:588	unverified
0x0024B6D0	cFlagsMenu_cFlagsMenu	ssxdecomp/ssx3@0ca6b276a657cd7d6f973f5b8a159282c86537b1:config/symbol_addrs.txt:589	unverified
0x0024B7D0	cPowerUpFXTogglesMenu_cPowerUpFXTogglesMenu	ssxdecomp/ssx3@0ca6b276a657cd7d6f973f5b8a159282c86537b1:config/symbol_addrs.txt:590	unverified
0x0024BBE8	cSnowfallTogglesMenu_cSnowfallTogglesMenu	ssxdecomp/ssx3@0ca6b276a657cd7d6f973f5b8a159282c86537b1:config/symbol_addrs.txt:591	unverified
0x0024BF60	cSplashTogglesMenu_cSplashTogglesMenu	ssxdecomp/ssx3@0ca6b276a657cd7d6f973f5b8a159282c86537b1:config/symbol_addrs.txt:592	unverified
0x0024CCA0	cTubeMenu_cTubeMenu	ssxdecomp/ssx3@0ca6b276a657cd7d6f973f5b8a159282c86537b1:config/symbol_addrs.txt:593	unverified
0x0024CEB0	cPathArrowMenu_cPathArrowMenu	ssxdecomp/ssx3@0ca6b276a657cd7d6f973f5b8a159282c86537b1:config/symbol_addrs.txt:594	unverified
0x002501E8	cAvalancheMenu_cAvalancheMenu	ssxdecomp/ssx3@0ca6b276a657cd7d6f973f5b8a159282c86537b1:config/symbol_addrs.txt:520	unverified
0x002516D0	MEM_initblock	ssxdecomp/ssx3@0ca6b276a657cd7d6f973f5b8a159282c86537b1:config/symbol_addrs.txt:596	unverified
0x00251718	MEMCLASS_create	ssxdecomp/ssx3@0ca6b276a657cd7d6f973f5b8a159282c86537b1:config/symbol_addrs.txt:597	unverified
0x00251FC8	MEM_printclass	ssxdecomp/ssx3@0ca6b276a657cd7d6f973f5b8a159282c86537b1:config/symbol_addrs.txt:599	unverified
0x00252010	MEM_printclassf	ssxdecomp/ssx3@0ca6b276a657cd7d6f973f5b8a159282c86537b1:config/symbol_addrs.txt:600	unverified
0x00255860	cCommSystem_construct	ssxdecomp/ssx3@0ca6b276a657cd7d6f973f5b8a159282c86537b1:config/symbol_addrs.txt:476	unverified
0x002558C0	cCommSystem_cCommSystem	ssxdecomp/ssx3@0ca6b276a657cd7d6f973f5b8a159282c86537b1:config/symbol_addrs.txt:605	unverified
0x002559B0	cCommSystem__cCommSystem	ssxdecomp/ssx3@0ca6b276a657cd7d6f973f5b8a159282c86537b1:config/symbol_addrs.txt:606	unverified
0x00255A10	cCommSystem_getSignature	ssxdecomp/ssx3@0ca6b276a657cd7d6f973f5b8a159282c86537b1:config/symbol_addrs.txt:607	unverified
0x00255BF8	cCommSystem_openDSockChannel	ssxdecomp/ssx3@0ca6b276a657cd7d6f973f5b8a159282c86537b1:config/symbol_addrs.txt:477	unverified
0x00256BB0	RpcAlloc	ssxdecomp/ssx3@0ca6b276a657cd7d6f973f5b8a159282c86537b1:config/symbol_addrs.txt:604	unverified
0x00256BF8	cGameComm_construct	ssxdecomp/ssx3@0ca6b276a657cd7d6f973f5b8a159282c86537b1:config/symbol_addrs.txt:478	unverified
0x00258448	cGameComm_syncGame	ssxdecomp/ssx3@0ca6b276a657cd7d6f973f5b8a159282c86537b1:config/symbol_addrs.txt:566	unverified
0x00268890	cBXString_cBXString	ssxdecomp/ssx3@0ca6b276a657cd7d6f973f5b8a159282c86537b1:config/symbol_addrs.txt:25	unverified
0x0026B310	cPathSys_resolvePaths	ssxdecomp/ssx3@0ca6b276a657cd7d6f973f5b8a159282c86537b1:config/symbol_addrs.txt:647	unverified
0x0026C458	cPlaybackMan_cPlaybackMan	ssxdecomp/ssx3@0ca6b276a657cd7d6f973f5b8a159282c86537b1:config/symbol_addrs.txt:569	unverified
0x0026C5F8	cPlaybackMan_update	ssxdecomp/ssx3@0ca6b276a657cd7d6f973f5b8a159282c86537b1:config/symbol_addrs.txt:573	unverified
0x0026C6E8	cPlaybackMan_initLocation	ssxdecomp/ssx3@0ca6b276a657cd7d6f973f5b8a159282c86537b1:config/symbol_addrs.txt:270	unverified
0x0026DDC0	cReplay_restoreBucket	ssxdecomp/ssx3@0ca6b276a657cd7d6f973f5b8a159282c86537b1:config/symbol_addrs.txt:662	unverified
0x0026E340	cReplay_restoreDeadBucket	ssxdecomp/ssx3@0ca6b276a657cd7d6f973f5b8a159282c86537b1:config/symbol_addrs.txt:663	unverified
0x0026E908	cReplayFramePtr_initBlock	ssxdecomp/ssx3@0ca6b276a657cd7d6f973f5b8a159282c86537b1:config/symbol_addrs.txt:658	unverified
0x0026E9B0	cReplayFramePtr_readRewind	ssxdecomp/ssx3@0ca6b276a657cd7d6f973f5b8a159282c86537b1:config/symbol_addrs.txt:659	unverified
0x0026ED90	cReplayFramePtr_getFrameBlock	ssxdecomp/ssx3@0ca6b276a657cd7d6f973f5b8a159282c86537b1:config/symbol_addrs.txt:660	unverified
0x00270070	cReplay_addCache	ssxdecomp/ssx3@0ca6b276a657cd7d6f973f5b8a159282c86537b1:config/symbol_addrs.txt:136	unverified
0x002706F0	cReplay_stopAutoReplay	ssxdecomp/ssx3@0ca6b276a657cd7d6f973f5b8a159282c86537b1:config/symbol_addrs.txt:487	unverified
0x002753B8	cScriptAnimBankManager_cScriptAnimBankManager	ssxdecomp/ssx3@0ca6b276a657cd7d6f973f5b8a159282c86537b1:config/symbol_addrs.txt:667	unverified
0x00275500	cScriptAnimBankManager_LinkBank	ssxdecomp/ssx3@0ca6b276a657cd7d6f973f5b8a159282c86537b1:config/symbol_addrs.txt:668	unverified
0x00275828	cDataManager_cDataManager	ssxdecomp/ssx3@0ca6b276a657cd7d6f973f5b8a159282c86537b1:config/symbol_addrs.txt:669	unverified
0x00278358	cSSXScriptEngine_Load	ssxdecomp/ssx3@0ca6b276a657cd7d6f973f5b8a159282c86537b1:config/symbol_addrs.txt:565	unverified
0x0027B0C0	cSSXScriptEngine_GetScriptFromCategory	ssxdecomp/ssx3@0ca6b276a657cd7d6f973f5b8a159282c86537b1:config/symbol_addrs.txt:673	unverified
0x00281F30	cBXScriptEngine_SetupBXEngine	ssxdecomp/ssx3@0ca6b276a657cd7d6f973f5b8a159282c86537b1:config/symbol_addrs.txt:670	unverified
0x00283450	cScriptSoundBankManager_cScriptSoundBankManager	ssxdecomp/ssx3@0ca6b276a657cd7d6f973f5b8a159282c86537b1:config/symbol_addrs.txt:671	unverified
0x002838E8	cVidEngine_ReadyVideo	ssxdecomp/ssx3@0ca6b276a657cd7d6f973f5b8a159282c86537b1:config/symbol_addrs.txt:672	unverified
0x00283E60	__sti__all_in_one_scripter_cpp	ssxdecomp/ssx3@0ca6b276a657cd7d6f973f5b8a159282c86537b1:config/symbol_addrs.txt:75	unverified
0x00284BB0	SSXAUDIO_Init	ssxdecomp/ssx3@0ca6b276a657cd7d6f973f5b8a159282c86537b1:config/symbol_addrs.txt:496	unverified
0x0028A1E8	cAsyncSys_ASYNCSYS_Init	ssxdecomp/ssx3@0ca6b276a657cd7d6f973f5b8a159282c86537b1:config/symbol_addrs.txt:680	unverified
0x0028B588	cBankInstance_AllocMem	ssxdecomp/ssx3@0ca6b276a657cd7d6f973f5b8a159282c86537b1:config/symbol_addrs.txt:681	unverified
0x0028B8D8	cBankInstance_OnAsyncMainMemAlloc	ssxdecomp/ssx3@0ca6b276a657cd7d6f973f5b8a159282c86537b1:config/symbol_addrs.txt:682	unverified
0x0028B9B8	cBankManager_cBankManager	ssxdecomp/ssx3@0ca6b276a657cd7d6f973f5b8a159282c86537b1:config/symbol_addrs.txt:683	unverified
0x0028FD00	cBankSys_cBankSys	ssxdecomp/ssx3@0ca6b276a657cd7d6f973f5b8a159282c86537b1:config/symbol_addrs.txt:684	unverified
0x002A9350	cSndPlayOpts_cSndPlayOpts	ssxdecomp/ssx3@0ca6b276a657cd7d6f973f5b8a159282c86537b1:config/symbol_addrs.txt:677	unverified
0x002A99D8	cStreamInstance_cStreamInstance	ssxdecomp/ssx3@0ca6b276a657cd7d6f973f5b8a159282c86537b1:config/symbol_addrs.txt:686	unverified
0x002AA490	cStreamSys_cStreamSys	ssxdecomp/ssx3@0ca6b276a657cd7d6f973f5b8a159282c86537b1:config/symbol_addrs.txt:687	unverified
0x002ACD08	cBankMonitor_cBankMonitor	ssxdecomp/ssx3@0ca6b276a657cd7d6f973f5b8a159282c86537b1:config/symbol_addrs.txt:678	unverified
0x002ACFE0	cBankMonitor_BANKMONITOR_Create	ssxdecomp/ssx3@0ca6b276a657cd7d6f973f5b8a159282c86537b1:config/symbol_addrs.txt:679	unverified
0x002B4B08	WORLDTRIGGERMANAGER_Init	ssxdecomp/ssx3@0ca6b276a657cd7d6f973f5b8a159282c86537b1:config/symbol_addrs.txt:561	unverified
0x002B58D0	cWorldTriggerManager_cWorldTriggerManager	ssxdecomp/ssx3@0ca6b276a657cd7d6f973f5b8a159282c86537b1:config/symbol_addrs.txt:676	unverified
0x002B5A18	cWorldTriggerManager_LoadTriggerInfo	ssxdecomp/ssx3@0ca6b276a657cd7d6f973f5b8a159282c86537b1:config/symbol_addrs.txt:685	unverified
0x002B9100	bxLogPrint	ssxdecomp/ssx3@0ca6b276a657cd7d6f973f5b8a159282c86537b1:config/symbol_addrs.txt:112	unverified
0x002C03A8	cWorldPainterQuery_reset	ssxdecomp/ssx3@0ca6b276a657cd7d6f973f5b8a159282c86537b1:config/symbol_addrs.txt:742	unverified
0x002C03E8	cWorldPainterMan_reset	ssxdecomp/ssx3@0ca6b276a657cd7d6f973f5b8a159282c86537b1:config/symbol_addrs.txt:128	unverified
0x002C0A58	cWorldPainterMan_getQuery	ssxdecomp/ssx3@0ca6b276a657cd7d6f973f5b8a159282c86537b1:config/symbol_addrs.txt:688	unverified
0x002C17D0	cQuadTree_getFreeNode	ssxdecomp/ssx3@0ca6b276a657cd7d6f973f5b8a159282c86537b1:config/symbol_addrs.txt:740	unverified
0x002CA100	HUFF_encode	ssxdecomp/ssx3@0ca6b276a657cd7d6f973f5b8a159282c86537b1:config/symbol_addrs.txt:666	unverified
0x002CA258	cMenuItem_cMenuItem	ssxdecomp/ssx3@0ca6b276a657cd7d6f973f5b8a159282c86537b1:config/symbol_addrs.txt:603	unverified
0x002CBCC8	cMenu_addItem	ssxdecomp/ssx3@0ca6b276a657cd7d6f973f5b8a159282c86537b1:config/symbol_addrs.txt:134	unverified
0x002CCCC8	cSubMenuItem_cSubMenuItem	ssxdecomp/ssx3@0ca6b276a657cd7d6f973f5b8a159282c86537b1:config/symbol_addrs.txt:523	unverified
0x002CD2A0	cNullMenuItem_cNullMenuItem	ssxdecomp/ssx3@0ca6b276a657cd7d6f973f5b8a159282c86537b1:config/symbol_addrs.txt:131	unverified
0x002CD350	cSpaceMenuItem_cSpaceMenuItem	ssxdecomp/ssx3@0ca6b276a657cd7d6f973f5b8a159282c86537b1:config/symbol_addrs.txt:132	unverified
0x002CD8F8	cIntMenuItem_cIntMenuItem	ssxdecomp/ssx3@0ca6b276a657cd7d6f973f5b8a159282c86537b1:config/symbol_addrs.txt:133	unverified
0x002CDCE8	cFloatMenuItem_cFloatMenuItem	ssxdecomp/ssx3@0ca6b276a657cd7d6f973f5b8a159282c86537b1:config/symbol_addrs.txt:522	unverified
0x002CED20	cColorMenuItem__cColorMenuItem	ssxdecomp/ssx3@0ca6b276a657cd7d6f973f5b8a159282c86537b1:config/symbol_addrs.txt:576	unverified
0x002CF908	cExpandMenuItem_addItem	ssxdecomp/ssx3@0ca6b276a657cd7d6f973f5b8a159282c86537b1:config/symbol_addrs.txt:648	unverified
0x002CFF28	cRGBTitleMenuItem_cRGBTitleMenuItem	ssxdecomp/ssx3@0ca6b276a657cd7d6f973f5b8a159282c86537b1:config/symbol_addrs.txt:713	unverified
0x002D02B0	cARGBMenuItem_cARGBMenuItem	ssxdecomp/ssx3@0ca6b276a657cd7d6f973f5b8a159282c86537b1:config/symbol_addrs.txt:595	unverified
0x002D1CE0	cObjectInterface_getInstanceMan	ssxdecomp/ssx3@0ca6b276a657cd7d6f973f5b8a159282c86537b1:config/symbol_addrs.txt:644	unverified
0x002D2510	get_float	ssxdecomp/ssx3@0ca6b276a657cd7d6f973f5b8a159282c86537b1:config/symbol_addrs.txt:258	unverified
0x002D2558	get_uint	ssxdecomp/ssx3@0ca6b276a657cd7d6f973f5b8a159282c86537b1:config/symbol_addrs.txt:257	unverified
0x002D25A0	get_t3Vector	ssxdecomp/ssx3@0ca6b276a657cd7d6f973f5b8a159282c86537b1:config/symbol_addrs.txt:259	unverified
0x002D48F0	cAngerFX_cAngerFX	ssxdecomp/ssx3@0ca6b276a657cd7d6f973f5b8a159282c86537b1:config/symbol_addrs.txt:127	unverified
0x002D66A0	tAvalancheNode_calculate	ssxdecomp/ssx3@0ca6b276a657cd7d6f973f5b8a159282c86537b1:config/symbol_addrs.txt:717	unverified
0x002D7C00	tActiveAvalancheNode_calculateScale	ssxdecomp/ssx3@0ca6b276a657cd7d6f973f5b8a159282c86537b1:config/symbol_addrs.txt:719	unverified
0x002D7E60	tActiveAvalanche_buildArray	ssxdecomp/ssx3@0ca6b276a657cd7d6f973f5b8a159282c86537b1:config/symbol_addrs.txt:720	unverified
0x002D92D0	cAvalanche_addAvalancheNode	ssxdecomp/ssx3@0ca6b276a657cd7d6f973f5b8a159282c86537b1:config/symbol_addrs.txt:722	unverified
0x002D97A8	cAvalanche_triggerAvalanche	ssxdecomp/ssx3@0ca6b276a657cd7d6f973f5b8a159282c86537b1:config/symbol_addrs.txt:723	unverified
0x002D9D68	cAvalanche_readFromReplayFrame	ssxdecomp/ssx3@0ca6b276a657cd7d6f973f5b8a159282c86537b1:config/symbol_addrs.txt:665	unverified
0x002DA028	cAvalanche_resolveDataPointers	ssxdecomp/ssx3@0ca6b276a657cd7d6f973f5b8a159282c86537b1:config/symbol_addrs.txt:721	unverified
0x002DA390	cBoardSparkFX_cBoardSparkFX	ssxdecomp/ssx3@0ca6b276a657cd7d6f973f5b8a159282c86537b1:config/symbol_addrs.txt:126	unverified
0x002DB6D8	cCrowdRender2D_cCrowdRender2D__Fi	ssxdecomp/ssx3@0ca6b276a657cd7d6f973f5b8a159282c86537b1:config/symbol_addrs.txt:17;MATCHING.md:129	exact-start+size+signature-metadata
0x002DB700	cCrowdRender2D__cCrowdRender2D__FPii	ssxdecomp/ssx3@0ca6b276a657cd7d6f973f5b8a159282c86537b1:config/symbol_addrs.txt:19;MATCHING.md:130	exact-start+size+signature-metadata
0x002DB748	cCrowdRender2D_init__Fv	ssxdecomp/ssx3@0ca6b276a657cd7d6f973f5b8a159282c86537b1:config/symbol_addrs.txt:18;MATCHING.md:134	exact-start+size+signature-metadata
0x002DB890	cCrowdRender2D_purge__FPi	ssxdecomp/ssx3@0ca6b276a657cd7d6f973f5b8a159282c86537b1:config/symbol_addrs.txt:20;MATCHING.md:133	exact-start+size+signature-metadata
0x002DB980	cCrowdRender2D_constructCrowdAnim2D__FPv	ssxdecomp/ssx3@0ca6b276a657cd7d6f973f5b8a159282c86537b1:config/symbol_addrs.txt:21;MATCHING.md:131	exact-start+size+signature-metadata
0x002DB9C8	cCrowdAnim2D_cCrowdAnim2D__FPvT0	ssxdecomp/ssx3@0ca6b276a657cd7d6f973f5b8a159282c86537b1:config/symbol_addrs.txt:16;MATCHING.md:132	exact-start+size+signature-metadata
0x002DBA08	cCrowdAnim2D_advanceFrame	ssxdecomp/ssx3@0ca6b276a657cd7d6f973f5b8a159282c86537b1:config/symbol_addrs.txt:15	unverified
0x002DBAC0	cCrowdAnim2D_update	ssxdecomp/ssx3@0ca6b276a657cd7d6f973f5b8a159282c86537b1:config/symbol_addrs.txt:14	unverified
0x002DCB88	cBoardWakeFX_cBoardWakeFX	ssxdecomp/ssx3@0ca6b276a657cd7d6f973f5b8a159282c86537b1:config/symbol_addrs.txt:125	unverified
0x002E81E8	cBoardTrailFX_initialize	ssxdecomp/ssx3@0ca6b276a657cd7d6f973f5b8a159282c86537b1:config/symbol_addrs.txt:716	unverified
0x002EC3E0	cLensFxMan_construct	ssxdecomp/ssx3@0ca6b276a657cd7d6f973f5b8a159282c86537b1:config/symbol_addrs.txt:572	unverified
0x002EE7C8	cRenderStateMan_SnowFlakeColourR	ssxdecomp/ssx3@0ca6b276a657cd7d6f973f5b8a159282c86537b1:config/symbol_addrs.txt:724	unverified
0x002EE810	cRenderStateMan_SnowFlakeColourG	ssxdecomp/ssx3@0ca6b276a657cd7d6f973f5b8a159282c86537b1:config/symbol_addrs.txt:725	unverified
0x002EE858	cRenderStateMan_SnowFlakeColourB	ssxdecomp/ssx3@0ca6b276a657cd7d6f973f5b8a159282c86537b1:config/symbol_addrs.txt:726	unverified
0x002EF2D8	cRenderStateMan_readFromReplayFrame	ssxdecomp/ssx3@0ca6b276a657cd7d6f973f5b8a159282c86537b1:config/symbol_addrs.txt:130	unverified
0x002F0548	cPSPVisualEffectsMan_cPSPVisualEffectsMan	ssxdecomp/ssx3@0ca6b276a657cd7d6f973f5b8a159282c86537b1:config/symbol_addrs.txt:727	unverified
0x002F5298	cWorldLightMan_initLightCache	ssxdecomp/ssx3@0ca6b276a657cd7d6f973f5b8a159282c86537b1:config/symbol_addrs.txt:728	unverified
0x00307598	cWScriptProcess_cWScriptProcess	ssxdecomp/ssx3@0ca6b276a657cd7d6f973f5b8a159282c86537b1:config/symbol_addrs.txt:266	unverified
0x003094C8	cWScriptMan_addProcess	ssxdecomp/ssx3@0ca6b276a657cd7d6f973f5b8a159282c86537b1:config/symbol_addrs.txt:264	unverified
0x00309568	cWScriptMan_addProcess1	ssxdecomp/ssx3@0ca6b276a657cd7d6f973f5b8a159282c86537b1:config/symbol_addrs.txt:265	unverified
0x0030D8B8	cAnimModel_addModelPartLOD	ssxdecomp/ssx3@0ca6b276a657cd7d6f973f5b8a159282c86537b1:config/symbol_addrs.txt:121	unverified
0x0030DBD0	cAnimModel_compile	ssxdecomp/ssx3@0ca6b276a657cd7d6f973f5b8a159282c86537b1:config/symbol_addrs.txt:115	unverified
0x003115C8	cAIAnimEventMap_getBlendInTime	ssxdecomp/ssx3@0ca6b276a657cd7d6f973f5b8a159282c86537b1:config/symbol_addrs.txt:744	unverified
0x003118D0	cRiderAnimBase_cRiderAnimBase	ssxdecomp/ssx3@0ca6b276a657cd7d6f973f5b8a159282c86537b1:config/symbol_addrs.txt:137	unverified
0x00311B48	cRiderAnimBase_changeHeadingOffset	ssxdecomp/ssx3@0ca6b276a657cd7d6f973f5b8a159282c86537b1:config/symbol_addrs.txt:118	unverified
0x00311BF0	cRiderAnimBase_changeOrientationOffset	ssxdecomp/ssx3@0ca6b276a657cd7d6f973f5b8a159282c86537b1:config/symbol_addrs.txt:119	unverified
0x003128E8	cRiderAnimBase_play	ssxdecomp/ssx3@0ca6b276a657cd7d6f973f5b8a159282c86537b1:config/symbol_addrs.txt:116	unverified
0x00313A10	cAnimSequence_fadeWeight	ssxdecomp/ssx3@0ca6b276a657cd7d6f973f5b8a159282c86537b1:config/symbol_addrs.txt:122	unverified
0x00314760	cAnimSequencer_getSequence	ssxdecomp/ssx3@0ca6b276a657cd7d6f973f5b8a159282c86537b1:config/symbol_addrs.txt:745	unverified
0x00314CB0	cMdfArchive_getModelPartByIndex	ssxdecomp/ssx3@0ca6b276a657cd7d6f973f5b8a159282c86537b1:config/symbol_addrs.txt:746	unverified
0x003150B0	cGameAnimMap_testResolve	ssxdecomp/ssx3@0ca6b276a657cd7d6f973f5b8a159282c86537b1:config/symbol_addrs.txt:129	unverified
0x00316898	cBigFile_cBigFile	ssxdecomp/ssx3@0ca6b276a657cd7d6f973f5b8a159282c86537b1:config/symbol_addrs.txt:200	unverified
0x003168B0	cBigFile_cBigFile1	ssxdecomp/ssx3@0ca6b276a657cd7d6f973f5b8a159282c86537b1:config/symbol_addrs.txt:201	unverified
0x003168E8	cBigFile__cBigFile	ssxdecomp/ssx3@0ca6b276a657cd7d6f973f5b8a159282c86537b1:config/symbol_addrs.txt:203	unverified
0x00316930	cBigFile_close	ssxdecomp/ssx3@0ca6b276a657cd7d6f973f5b8a159282c86537b1:config/symbol_addrs.txt:204	unverified
0x00316978	cBigFile_open	ssxdecomp/ssx3@0ca6b276a657cd7d6f973f5b8a159282c86537b1:config/symbol_addrs.txt:202	unverified
0x00316CD0	cAppMan_cAppMan	ssxdecomp/ssx3@0ca6b276a657cd7d6f973f5b8a159282c86537b1:config/symbol_addrs.txt:196	unverified
0x00316D28	cAppMan__cAppMan	ssxdecomp/ssx3@0ca6b276a657cd7d6f973f5b8a159282c86537b1:config/symbol_addrs.txt:183	unverified
0x00316D60	cAppMan_run	ssxdecomp/ssx3@0ca6b276a657cd7d6f973f5b8a159282c86537b1:config/symbol_addrs.txt:190	unverified
0x00316EF8	cAppMan_setNextModule	ssxdecomp/ssx3@0ca6b276a657cd7d6f973f5b8a159282c86537b1:config/symbol_addrs.txt:199	unverified
0x00316F00	cAppMan_mainLoop	ssxdecomp/ssx3@0ca6b276a657cd7d6f973f5b8a159282c86537b1:config/symbol_addrs.txt:198	unverified
0x00317328	cAppMan_checkHalt	ssxdecomp/ssx3@0ca6b276a657cd7d6f973f5b8a159282c86537b1:config/symbol_addrs.txt:197	unverified
0x00317400	cAppMan_loadexecpurge	ssxdecomp/ssx3@0ca6b276a657cd7d6f973f5b8a159282c86537b1:config/symbol_addrs.txt:184	unverified
0x00317458	cExecutionMan_halt	ssxdecomp/ssx3@0ca6b276a657cd7d6f973f5b8a159282c86537b1:config/symbol_addrs.txt:194	unverified
0x003174A8	cExecutionMan_checkHalt	ssxdecomp/ssx3@0ca6b276a657cd7d6f973f5b8a159282c86537b1:config/symbol_addrs.txt:195	unverified
0x00317618	tHashName32_getHashValue__FPUiPc	ssxdecomp/ssx3@0ca6b276a657cd7d6f973f5b8a159282c86537b1:config/symbol_addrs.txt:1;MATCHING.md:110	exact-start+size+signature-metadata
0x00317670	GetHashValue32__FPc	ssxdecomp/ssx3@0ca6b276a657cd7d6f973f5b8a159282c86537b1:config/symbol_addrs.txt:2;MATCHING.md:111	exact-start+size+signature-metadata
0x003177C8	BXsrand__FUi	ssxdecomp/ssx3@0ca6b276a657cd7d6f973f5b8a159282c86537b1:config/symbol_addrs.txt:6;MATCHING.md:74	exact-start+size+signature-metadata
0x003177F0	BXrand__Fv	ssxdecomp/ssx3@0ca6b276a657cd7d6f973f5b8a159282c86537b1:config/symbol_addrs.txt:7;MATCHING.md:71	exact-start+size+signature-metadata
0x00317810	AIrand	ssxdecomp/ssx3@0ca6b276a657cd7d6f973f5b8a159282c86537b1:config/symbol_addrs.txt:8	unverified
0x00317830	AIrandf__Fff	ssxdecomp/ssx3@0ca6b276a657cd7d6f973f5b8a159282c86537b1:config/symbol_addrs.txt:9;MATCHING.md:72	exact-start+size+signature-metadata
0x00317890	func_00317890__Fff	ssxdecomp/ssx3@0ca6b276a657cd7d6f973f5b8a159282c86537b1:config/symbol_addrs.txt:10;MATCHING.md:73	exact-start+size+signature-metadata
0x00317958	cBxPseudoRng_Seed	ssxdecomp/ssx3@0ca6b276a657cd7d6f973f5b8a159282c86537b1:config/symbol_addrs.txt:11	unverified
0x00317A08	cBxPseudoRng_NextInt	ssxdecomp/ssx3@0ca6b276a657cd7d6f973f5b8a159282c86537b1:config/symbol_addrs.txt:12	unverified
0x00317D20	operator_new1	ssxdecomp/ssx3@0ca6b276a657cd7d6f973f5b8a159282c86537b1:config/symbol_addrs.txt:185	unverified
0x00317D70	cMemMan_alloc	ssxdecomp/ssx3@0ca6b276a657cd7d6f973f5b8a159282c86537b1:config/symbol_addrs.txt:69	unverified
0x00317E30	operator_new	ssxdecomp/ssx3@0ca6b276a657cd7d6f973f5b8a159282c86537b1:config/symbol_addrs.txt:135	unverified
0x00317E50	operator_delete__FPi	ssxdecomp/ssx3@0ca6b276a657cd7d6f973f5b8a159282c86537b1:config/symbol_addrs.txt:23	unverified
0x00317E98	cMemMan_free	ssxdecomp/ssx3@0ca6b276a657cd7d6f973f5b8a159282c86537b1:config/symbol_addrs.txt:70	unverified
0x00317F38	BXFILE_exists	ssxdecomp/ssx3@0ca6b276a657cd7d6f973f5b8a159282c86537b1:config/symbol_addrs.txt:187	unverified
0x00317FE8	cBXString_cBXString1	ssxdecomp/ssx3@0ca6b276a657cd7d6f973f5b8a159282c86537b1:config/symbol_addrs.txt:26	unverified
0x00318040	cBXString_Realloc	ssxdecomp/ssx3@0ca6b276a657cd7d6f973f5b8a159282c86537b1:config/symbol_addrs.txt:36	unverified
0x003180B8	cBXString_Reset	ssxdecomp/ssx3@0ca6b276a657cd7d6f973f5b8a159282c86537b1:config/symbol_addrs.txt:37	unverified
0x00318188	cBXString_Resize	ssxdecomp/ssx3@0ca6b276a657cd7d6f973f5b8a159282c86537b1:config/symbol_addrs.txt:38	unverified
0x00318260	cBXString__cBXString	ssxdecomp/ssx3@0ca6b276a657cd7d6f973f5b8a159282c86537b1:config/symbol_addrs.txt:39	unverified
0x003182D8	cBXString_cBXString2	ssxdecomp/ssx3@0ca6b276a657cd7d6f973f5b8a159282c86537b1:config/symbol_addrs.txt:27	unverified
0x003183D8	cBXString_InitFromCString	ssxdecomp/ssx3@0ca6b276a657cd7d6f973f5b8a159282c86537b1:config/symbol_addrs.txt:34	unverified
0x00318448	cBXString_operatorE	ssxdecomp/ssx3@0ca6b276a657cd7d6f973f5b8a159282c86537b1:config/symbol_addrs.txt:35	unverified
0x003184E8	cBXString_cBXString4	ssxdecomp/ssx3@0ca6b276a657cd7d6f973f5b8a159282c86537b1:config/symbol_addrs.txt:28	unverified
0x00318830	cBXString_ConcatImpl	ssxdecomp/ssx3@0ca6b276a657cd7d6f973f5b8a159282c86537b1:config/symbol_addrs.txt:31	unverified
0x00318910	cBXString_Concat	ssxdecomp/ssx3@0ca6b276a657cd7d6f973f5b8a159282c86537b1:config/symbol_addrs.txt:30	unverified
0x00318C18	cBXString_FindLastOf	ssxdecomp/ssx3@0ca6b276a657cd7d6f973f5b8a159282c86537b1:config/symbol_addrs.txt:33	unverified
0x00318CA0	cBXString_FindFirstOf	ssxdecomp/ssx3@0ca6b276a657cd7d6f973f5b8a159282c86537b1:config/symbol_addrs.txt:32	unverified
0x003190A8	cBXString_cBXString5	ssxdecomp/ssx3@0ca6b276a657cd7d6f973f5b8a159282c86537b1:config/symbol_addrs.txt:29	unverified
0x00319A30	cMemMan_initialize	ssxdecomp/ssx3@0ca6b276a657cd7d6f973f5b8a159282c86537b1:config/symbol_addrs.txt:188	unverified
0x00319BD8	cMemMan_internalResizeBlock	ssxdecomp/ssx3@0ca6b276a657cd7d6f973f5b8a159282c86537b1:config/symbol_addrs.txt:207	unverified
0x00319D20	cMemBlockMan_initialize	ssxdecomp/ssx3@0ca6b276a657cd7d6f973f5b8a159282c86537b1:config/symbol_addrs.txt:206	unverified
0x0031ADB0	systemInit	ssxdecomp/ssx3@0ca6b276a657cd7d6f973f5b8a159282c86537b1:config/symbol_addrs.txt:71	unverified
0x0031AF80	main	ssxdecomp/ssx3@0ca6b276a657cd7d6f973f5b8a159282c86537b1:config/symbol_addrs.txt:189	unverified
0x0031C350	md5_process	ssxdecomp/ssx3@0ca6b276a657cd7d6f973f5b8a159282c86537b1:config/symbol_addrs.txt:72	unverified
0x0031D368	md5_init	ssxdecomp/ssx3@0ca6b276a657cd7d6f973f5b8a159282c86537b1:config/symbol_addrs.txt:191	unverified
0x0031D3A8	md5_append	ssxdecomp/ssx3@0ca6b276a657cd7d6f973f5b8a159282c86537b1:config/symbol_addrs.txt:192	unverified
0x0031D4D0	md5_finish	ssxdecomp/ssx3@0ca6b276a657cd7d6f973f5b8a159282c86537b1:config/symbol_addrs.txt:193	unverified
0x0031D660	cCubicSplineInterpolant_initCommon	ssxdecomp/ssx3@0ca6b276a657cd7d6f973f5b8a159282c86537b1:config/symbol_addrs.txt:208	unverified
0x00320CA0	cInputMap_init	ssxdecomp/ssx3@0ca6b276a657cd7d6f973f5b8a159282c86537b1:config/symbol_addrs.txt:501	unverified
0x00320DB0	cInputMap_loadMapFile	ssxdecomp/ssx3@0ca6b276a657cd7d6f973f5b8a159282c86537b1:config/symbol_addrs.txt:502	unverified
0x00320E18	cInputMap_compileMap	ssxdecomp/ssx3@0ca6b276a657cd7d6f973f5b8a159282c86537b1:config/symbol_addrs.txt:503	unverified
0x00320F10	cInputMap_purgeMapFile	ssxdecomp/ssx3@0ca6b276a657cd7d6f973f5b8a159282c86537b1:config/symbol_addrs.txt:505	unverified
0x003217D0	cInputMapParser_lookupModifierName	ssxdecomp/ssx3@0ca6b276a657cd7d6f973f5b8a159282c86537b1:config/symbol_addrs.txt:507	unverified
0x00321880	cInputMapParser_lookupConfigName	ssxdecomp/ssx3@0ca6b276a657cd7d6f973f5b8a159282c86537b1:config/symbol_addrs.txt:508	unverified
0x00321AF0	cInputMapParser_readToken	ssxdecomp/ssx3@0ca6b276a657cd7d6f973f5b8a159282c86537b1:config/symbol_addrs.txt:506	unverified
0x003230E0	cInputMapParser_parseStatement	ssxdecomp/ssx3@0ca6b276a657cd7d6f973f5b8a159282c86537b1:config/symbol_addrs.txt:509	unverified
0x00323268	cInputMapParser_parseExpression	ssxdecomp/ssx3@0ca6b276a657cd7d6f973f5b8a159282c86537b1:config/symbol_addrs.txt:510	unverified
0x00323BD8	cInputMapParser_parseTerm	ssxdecomp/ssx3@0ca6b276a657cd7d6f973f5b8a159282c86537b1:config/symbol_addrs.txt:511	unverified
0x00324138	cInputMapParser_parseBinaryFunc	ssxdecomp/ssx3@0ca6b276a657cd7d6f973f5b8a159282c86537b1:config/symbol_addrs.txt:512	unverified
0x00324398	cInputMapParser_parseUnaryFunc	ssxdecomp/ssx3@0ca6b276a657cd7d6f973f5b8a159282c86537b1:config/symbol_addrs.txt:513	unverified
0x003245A8	cInputMapParser_compileStatement	ssxdecomp/ssx3@0ca6b276a657cd7d6f973f5b8a159282c86537b1:config/symbol_addrs.txt:504	unverified
0x003266E8	cInputPreProcessor_readCmdLine	ssxdecomp/ssx3@0ca6b276a657cd7d6f973f5b8a159282c86537b1:config/symbol_addrs.txt:514	unverified
0x00327890	cAIFwdDiffCache_Init	ssxdecomp/ssx3@0ca6b276a657cd7d6f973f5b8a159282c86537b1:config/symbol_addrs.txt:515	unverified
0x00329910	cRiderSphereTree_cRiderSphereTree	ssxdecomp/ssx3@0ca6b276a657cd7d6f973f5b8a159282c86537b1:config/symbol_addrs.txt:111	unverified
0x003303F0	cWorldSphTree_cWorldSphTree	ssxdecomp/ssx3@0ca6b276a657cd7d6f973f5b8a159282c86537b1:config/symbol_addrs.txt:516	unverified
0x00342D10	cDebounceNode_cDebounceNode	ssxdecomp/ssx3@0ca6b276a657cd7d6f973f5b8a159282c86537b1:config/symbol_addrs.txt:632	unverified
0x003454E8	cSpline_calcLength	ssxdecomp/ssx3@0ca6b276a657cd7d6f973f5b8a159282c86537b1:config/symbol_addrs.txt:633	unverified
0x00345570	cSpline_readFromReplayFrame	ssxdecomp/ssx3@0ca6b276a657cd7d6f973f5b8a159282c86537b1:config/symbol_addrs.txt:634	unverified
0x00345700	cEffectLink_add	ssxdecomp/ssx3@0ca6b276a657cd7d6f973f5b8a159282c86537b1:config/symbol_addrs.txt:619	unverified
0x003466A0	cFlexBridgeNode_setupGrid	ssxdecomp/ssx3@0ca6b276a657cd7d6f973f5b8a159282c86537b1:config/symbol_addrs.txt:636	unverified
0x00348B90	cFlexRailNode_addSpaceHash	ssxdecomp/ssx3@0ca6b276a657cd7d6f973f5b8a159282c86537b1:config/symbol_addrs.txt:637	unverified
0x0034B228	cFlagSet_CreateMesh	ssxdecomp/ssx3@0ca6b276a657cd7d6f973f5b8a159282c86537b1:config/symbol_addrs.txt:638	unverified
0x0034E448	cAnimNode_setAnimMeshCache	ssxdecomp/ssx3@0ca6b276a657cd7d6f973f5b8a159282c86537b1:config/symbol_addrs.txt:631	unverified
0x0034EEB8	cFloatingNode_initInfo	ssxdecomp/ssx3@0ca6b276a657cd7d6f973f5b8a159282c86537b1:config/symbol_addrs.txt:639	unverified
0x0034FB90	cInstanceNode_cInstanceNode	ssxdecomp/ssx3@0ca6b276a657cd7d6f973f5b8a159282c86537b1:config/symbol_addrs.txt:616	unverified
0x00350570	cInstanceNode_getBoundBoxInfo	ssxdecomp/ssx3@0ca6b276a657cd7d6f973f5b8a159282c86537b1:config/symbol_addrs.txt:617	unverified
0x00350750	cDeadFadeNode_cDeadFadeNode	ssxdecomp/ssx3@0ca6b276a657cd7d6f973f5b8a159282c86537b1:config/symbol_addrs.txt:267	unverified
0x00351030	cWScriptCompile_parseKeywords	ssxdecomp/ssx3@0ca6b276a657cd7d6f973f5b8a159282c86537b1:config/symbol_addrs.txt:263	unverified
0x00351270	cInstanceMan_copyInstance	ssxdecomp/ssx3@0ca6b276a657cd7d6f973f5b8a159282c86537b1:config/symbol_addrs.txt:618	unverified
0x00352AA8	tModifierBlock_tModifierBlock	ssxdecomp/ssx3@0ca6b276a657cd7d6f973f5b8a159282c86537b1:config/symbol_addrs.txt:621	unverified
0x00352BC0	tModifierBlock_setBoundBox	ssxdecomp/ssx3@0ca6b276a657cd7d6f973f5b8a159282c86537b1:config/symbol_addrs.txt:622	unverified
0x00352C38	tModifierBlock_setRadius	ssxdecomp/ssx3@0ca6b276a657cd7d6f973f5b8a159282c86537b1:config/symbol_addrs.txt:623	unverified
0x003536D8	tModifierBlock_readFromReplayFrame	ssxdecomp/ssx3@0ca6b276a657cd7d6f973f5b8a159282c86537b1:config/symbol_addrs.txt:624	unverified
0x00353F00	cSpring_setupNodes	ssxdecomp/ssx3@0ca6b276a657cd7d6f973f5b8a159282c86537b1:config/symbol_addrs.txt:635	unverified
0x00354688	cObjNode_cObjNode	ssxdecomp/ssx3@0ca6b276a657cd7d6f973f5b8a159282c86537b1:config/symbol_addrs.txt:610	unverified
0x00354788	cTypeObjNode_cTypeObjNode	ssxdecomp/ssx3@0ca6b276a657cd7d6f973f5b8a159282c86537b1:config/symbol_addrs.txt:614	unverified
0x003548C0	cSortObjNode_cSortObjNode	ssxdecomp/ssx3@0ca6b276a657cd7d6f973f5b8a159282c86537b1:config/symbol_addrs.txt:615	unverified
0x003549E0	cBucketMan_init	ssxdecomp/ssx3@0ca6b276a657cd7d6f973f5b8a159282c86537b1:config/symbol_addrs.txt:567	unverified
0x00354C08	cBucketMan_add	ssxdecomp/ssx3@0ca6b276a657cd7d6f973f5b8a159282c86537b1:config/symbol_addrs.txt:609	unverified
0x00354EA8	cBucketMan_first	ssxdecomp/ssx3@0ca6b276a657cd7d6f973f5b8a159282c86537b1:config/symbol_addrs.txt:611	unverified
0x00354EF8	cBucketMan_next	ssxdecomp/ssx3@0ca6b276a657cd7d6f973f5b8a159282c86537b1:config/symbol_addrs.txt:612	unverified
0x00354F48	cBucketMan_addfirst	ssxdecomp/ssx3@0ca6b276a657cd7d6f973f5b8a159282c86537b1:config/symbol_addrs.txt:613	unverified
0x00355118	cBucketMan_purgeBucket	ssxdecomp/ssx3@0ca6b276a657cd7d6f973f5b8a159282c86537b1:config/symbol_addrs.txt:570	unverified
0x003552D8	cMoveNode_cMoveNode	ssxdecomp/ssx3@0ca6b276a657cd7d6f973f5b8a159282c86537b1:config/symbol_addrs.txt:626	unverified
0x00355468	cMoveNode_addModifierBlock	ssxdecomp/ssx3@0ca6b276a657cd7d6f973f5b8a159282c86537b1:config/symbol_addrs.txt:627	unverified
0x00355658	cMoveNode_addEffectModifier	ssxdecomp/ssx3@0ca6b276a657cd7d6f973f5b8a159282c86537b1:config/symbol_addrs.txt:628	unverified
0x00355B30	cMoveNode_addSpline	ssxdecomp/ssx3@0ca6b276a657cd7d6f973f5b8a159282c86537b1:config/symbol_addrs.txt:268	unverified
0x00355CB0	cMoveNode_addParticle	ssxdecomp/ssx3@0ca6b276a657cd7d6f973f5b8a159282c86537b1:config/symbol_addrs.txt:629	unverified
0x00355D10	cMoveNode_addDynamicParticle	ssxdecomp/ssx3@0ca6b276a657cd7d6f973f5b8a159282c86537b1:config/symbol_addrs.txt:630	unverified
0x00355EB0	cMoveNode_addHalo	ssxdecomp/ssx3@0ca6b276a657cd7d6f973f5b8a159282c86537b1:config/symbol_addrs.txt:269	unverified
0x00356780	cMoveNode_setupOverlapSystem	ssxdecomp/ssx3@0ca6b276a657cd7d6f973f5b8a159282c86537b1:config/symbol_addrs.txt:608	unverified
0x00358020	cMultiParticle_setupMultiParticle	ssxdecomp/ssx3@0ca6b276a657cd7d6f973f5b8a159282c86537b1:config/symbol_addrs.txt:643	unverified
0x003595D8	cSplineModifier_cSplineModifier	ssxdecomp/ssx3@0ca6b276a657cd7d6f973f5b8a159282c86537b1:config/symbol_addrs.txt:625	unverified
0x0035A328	cMultiSplineModifier_allocNodes	ssxdecomp/ssx3@0ca6b276a657cd7d6f973f5b8a159282c86537b1:config/symbol_addrs.txt:640	unverified
0x0035A458	cMultiSplineModifier_setupNodes	ssxdecomp/ssx3@0ca6b276a657cd7d6f973f5b8a159282c86537b1:config/symbol_addrs.txt:641	unverified
0x0035A5F8	cMultiSplineModifier_setupOverlapSystem	ssxdecomp/ssx3@0ca6b276a657cd7d6f973f5b8a159282c86537b1:config/symbol_addrs.txt:642	unverified
0x0035C0E8	cRailModifier_buildXform	ssxdecomp/ssx3@0ca6b276a657cd7d6f973f5b8a159282c86537b1:config/symbol_addrs.txt:620	unverified
0x00367150	cPSPGraphicsMan_NewNonBindTexID	ssxdecomp/ssx3@0ca6b276a657cd7d6f973f5b8a159282c86537b1:config/symbol_addrs.txt:656	unverified
0x00367260	cPSPGraphicsMan_NewBindTexID	ssxdecomp/ssx3@0ca6b276a657cd7d6f973f5b8a159282c86537b1:config/symbol_addrs.txt:657	unverified
0x003698E0	cGraphicsMan_AddBlendedMatrix	ssxdecomp/ssx3@0ca6b276a657cd7d6f973f5b8a159282c86537b1:config/symbol_addrs.txt:652	unverified
0x00370C60	cBaseClass_DynamicEmitter_Allocate	ssxdecomp/ssx3@0ca6b276a657cd7d6f973f5b8a159282c86537b1:config/symbol_addrs.txt:646	unverified
0x00370D60	cBaseClass_DynamicEmitter_reset	ssxdecomp/ssx3@0ca6b276a657cd7d6f973f5b8a159282c86537b1:config/symbol_addrs.txt:645	unverified
0x00371548	cDynamicColourEmitter_Allocate	ssxdecomp/ssx3@0ca6b276a657cd7d6f973f5b8a159282c86537b1:config/symbol_addrs.txt:650	unverified
0x00371600	cDynamicColourEmitter_reset	ssxdecomp/ssx3@0ca6b276a657cd7d6f973f5b8a159282c86537b1:config/symbol_addrs.txt:649	unverified
0x0038ACD0	cIrradianceDataBase_Load	ssxdecomp/ssx3@0ca6b276a657cd7d6f973f5b8a159282c86537b1:config/symbol_addrs.txt:472	unverified
0x0038AE10	cPSPLightMan_cPSPLightMan	ssxdecomp/ssx3@0ca6b276a657cd7d6f973f5b8a159282c86537b1:config/symbol_addrs.txt:651	unverified
0x0038AE60	cPSPBezierMan_cPSPBezierMan	ssxdecomp/ssx3@0ca6b276a657cd7d6f973f5b8a159282c86537b1:config/symbol_addrs.txt:655	unverified
0x0038AEF8	cBezierMan_construct	ssxdecomp/ssx3@0ca6b276a657cd7d6f973f5b8a159282c86537b1:config/symbol_addrs.txt:563	unverified
0x0038DBD0	cLightMan_construct	ssxdecomp/ssx3@0ca6b276a657cd7d6f973f5b8a159282c86537b1:config/symbol_addrs.txt:562	unverified
0x00391788	cFont_linkFont	ssxdecomp/ssx3@0ca6b276a657cd7d6f973f5b8a159282c86537b1:config/symbol_addrs.txt:653	unverified
0x00391A48	cFont_downloadTexture	ssxdecomp/ssx3@0ca6b276a657cd7d6f973f5b8a159282c86537b1:config/symbol_addrs.txt:654	unverified
0x00397140	cUIAnimationBank_getAnimationByHashName	ssxdecomp/ssx3@0ca6b276a657cd7d6f973f5b8a159282c86537b1:config/symbol_addrs.txt:485	unverified
0x003972A0	cUIAnimation_cUIAnimation	ssxdecomp/ssx3@0ca6b276a657cd7d6f973f5b8a159282c86537b1:config/symbol_addrs.txt:692	unverified
0x00397718	cListNode_isSentinel	ssxdecomp/ssx3@0ca6b276a657cd7d6f973f5b8a159282c86537b1:config/symbol_addrs.txt:693	unverified
0x00397740	cListNode_removeFromList	ssxdecomp/ssx3@0ca6b276a657cd7d6f973f5b8a159282c86537b1:config/symbol_addrs.txt:493	unverified
0x00397840	cList_first	ssxdecomp/ssx3@0ca6b276a657cd7d6f973f5b8a159282c86537b1:config/symbol_addrs.txt:480	unverified
0x003978F0	cList_addToFront	ssxdecomp/ssx3@0ca6b276a657cd7d6f973f5b8a159282c86537b1:config/symbol_addrs.txt:694	unverified
0x00397910	cList_addToEnd	ssxdecomp/ssx3@0ca6b276a657cd7d6f973f5b8a159282c86537b1:config/symbol_addrs.txt:500	unverified
0x00397AD8	UIAsciiToUnicode	ssxdecomp/ssx3@0ca6b276a657cd7d6f973f5b8a159282c86537b1:config/symbol_addrs.txt:691	unverified
0x00397C40	cUIEngine_loadFile	ssxdecomp/ssx3@0ca6b276a657cd7d6f973f5b8a159282c86537b1:config/symbol_addrs.txt:471	unverified
0x00397CC0	cUIEngine_addScreenByHashName	ssxdecomp/ssx3@0ca6b276a657cd7d6f973f5b8a159282c86537b1:config/symbol_addrs.txt:482	unverified
0x00398138	cUITextureBank_setData	ssxdecomp/ssx3@0ca6b276a657cd7d6f973f5b8a159282c86537b1:config/symbol_addrs.txt:696	unverified
0x00398568	cUIFontInterface_loadFonts	ssxdecomp/ssx3@0ca6b276a657cd7d6f973f5b8a159282c86537b1:config/symbol_addrs.txt:560	unverified
0x0039A3F8	cUIListBox_addEntryByAsciiString	ssxdecomp/ssx3@0ca6b276a657cd7d6f973f5b8a159282c86537b1:config/symbol_addrs.txt:499	unverified
0x0039A568	cUIListBox_addEntryByStringID	ssxdecomp/ssx3@0ca6b276a657cd7d6f973f5b8a159282c86537b1:config/symbol_addrs.txt:497	unverified
0x0039A7F0	cUIListBox_setEntryByAsciiString	ssxdecomp/ssx3@0ca6b276a657cd7d6f973f5b8a159282c86537b1:config/symbol_addrs.txt:700	unverified
0x0039AD38	cUIMenu_setSelected	ssxdecomp/ssx3@0ca6b276a657cd7d6f973f5b8a159282c86537b1:config/symbol_addrs.txt:699	unverified
0x0039B960	cUIMenu_setSelectedByIndex	ssxdecomp/ssx3@0ca6b276a657cd7d6f973f5b8a159282c86537b1:config/symbol_addrs.txt:481	unverified
0x0039C518	cUIThread_deleteThread	ssxdecomp/ssx3@0ca6b276a657cd7d6f973f5b8a159282c86537b1:config/symbol_addrs.txt:701	unverified
0x0039C688	cUIScreen_setData	ssxdecomp/ssx3@0ca6b276a657cd7d6f973f5b8a159282c86537b1:config/symbol_addrs.txt:697	unverified
0x0039C778	cUIScreen_getFrameByLabel	ssxdecomp/ssx3@0ca6b276a657cd7d6f973f5b8a159282c86537b1:config/symbol_addrs.txt:486	unverified
0x0039C7C0	cUIScreen_getPrimaryThread	ssxdecomp/ssx3@0ca6b276a657cd7d6f973f5b8a159282c86537b1:config/symbol_addrs.txt:702	unverified
0x0039C820	cUIScreen_jumpToFrame	ssxdecomp/ssx3@0ca6b276a657cd7d6f973f5b8a159282c86537b1:config/symbol_addrs.txt:495	unverified
0x0039C870	cUIScreen_playFrame	ssxdecomp/ssx3@0ca6b276a657cd7d6f973f5b8a159282c86537b1:config/symbol_addrs.txt:483	unverified
0x0039CED0	cUIScreen_createAllObjects	ssxdecomp/ssx3@0ca6b276a657cd7d6f973f5b8a159282c86537b1:config/symbol_addrs.txt:698	unverified
0x0039D078	cUIScreen_createObjectByStruct	ssxdecomp/ssx3@0ca6b276a657cd7d6f973f5b8a159282c86537b1:config/symbol_addrs.txt:703	unverified
0x0039D860	cUIScreen_getObjectByHashName	ssxdecomp/ssx3@0ca6b276a657cd7d6f973f5b8a159282c86537b1:config/symbol_addrs.txt:479	unverified
0x0039E8B8	cUIState_hideObjSafe	ssxdecomp/ssx3@0ca6b276a657cd7d6f973f5b8a159282c86537b1:config/symbol_addrs.txt:490	unverified
0x0039E948	cUIState_showObjSafe	ssxdecomp/ssx3@0ca6b276a657cd7d6f973f5b8a159282c86537b1:config/symbol_addrs.txt:491	unverified
0x0039F238	cUIStateStack_pushExplicit	ssxdecomp/ssx3@0ca6b276a657cd7d6f973f5b8a159282c86537b1:config/symbol_addrs.txt:470	unverified
0x0039F320	cUIStateStack_pushSpecial	ssxdecomp/ssx3@0ca6b276a657cd7d6f973f5b8a159282c86537b1:config/symbol_addrs.txt:484	unverified
0x0039FA88	cUIStateStack_getCurrentState	ssxdecomp/ssx3@0ca6b276a657cd7d6f973f5b8a159282c86537b1:config/symbol_addrs.txt:492	unverified
0x0039FF78	cUIThing_getKeyframerEvent	ssxdecomp/ssx3@0ca6b276a657cd7d6f973f5b8a159282c86537b1:config/symbol_addrs.txt:695	unverified
0x003A0B38	cUIText_deleteText	ssxdecomp/ssx3@0ca6b276a657cd7d6f973f5b8a159282c86537b1:config/symbol_addrs.txt:704	unverified
0x003A0B90	cUIText_getNumTextLines	ssxdecomp/ssx3@0ca6b276a657cd7d6f973f5b8a159282c86537b1:config/symbol_addrs.txt:707	unverified
0x003A0C50	cUIText_setAsciiString	ssxdecomp/ssx3@0ca6b276a657cd7d6f973f5b8a159282c86537b1:config/symbol_addrs.txt:468	unverified
0x003A0C70	cUIText_setAsciiStringPrivate	ssxdecomp/ssx3@0ca6b276a657cd7d6f973f5b8a159282c86537b1:config/symbol_addrs.txt:706	unverified
0x003A0EB0	cUIText_setUnicodeStringPrivate	ssxdecomp/ssx3@0ca6b276a657cd7d6f973f5b8a159282c86537b1:config/symbol_addrs.txt:705	unverified
0x003A1000	cUIText_setUnicodeStringByID	ssxdecomp/ssx3@0ca6b276a657cd7d6f973f5b8a159282c86537b1:config/symbol_addrs.txt:467	unverified
0x003A1BF8	cUITextScroll_addUnicodeString	ssxdecomp/ssx3@0ca6b276a657cd7d6f973f5b8a159282c86537b1:config/symbol_addrs.txt:708	unverified
0x003A6688	cWorld_cWorld	ssxdecomp/ssx3@0ca6b276a657cd7d6f973f5b8a159282c86537b1:config/symbol_addrs.txt:568	unverified
0x003A6800	cWorld_resetMap	ssxdecomp/ssx3@0ca6b276a657cd7d6f973f5b8a159282c86537b1:config/symbol_addrs.txt:571	unverified
0x003A6D50	cStreamMan_cStreamMan	ssxdecomp/ssx3@0ca6b276a657cd7d6f973f5b8a159282c86537b1:config/symbol_addrs.txt:731	unverified
0x003A7598	cWorldBlockAllocator_init	ssxdecomp/ssx3@0ca6b276a657cd7d6f973f5b8a159282c86537b1:config/symbol_addrs.txt:733	unverified
0x003A7B18	cWorldMemoryMan_activateSectionMem	ssxdecomp/ssx3@0ca6b276a657cd7d6f973f5b8a159282c86537b1:config/symbol_addrs.txt:734	unverified
0x003A7BD8	cHullPage_cHullPage	ssxdecomp/ssx3@0ca6b276a657cd7d6f973f5b8a159282c86537b1:config/symbol_addrs.txt:735	unverified
0x003A7C88	cWorldCacheTable_cWorldCacheTable	ssxdecomp/ssx3@0ca6b276a657cd7d6f973f5b8a159282c86537b1:config/symbol_addrs.txt:736	unverified
0x003A7FC0	cWorldCache_init	ssxdecomp/ssx3@0ca6b276a657cd7d6f973f5b8a159282c86537b1:config/symbol_addrs.txt:738	unverified
0x003A81A8	cWorldCache_activateSectionMem	ssxdecomp/ssx3@0ca6b276a657cd7d6f973f5b8a159282c86537b1:config/symbol_addrs.txt:730	unverified
0x003A8668	cWorldCache_updatePages	ssxdecomp/ssx3@0ca6b276a657cd7d6f973f5b8a159282c86537b1:config/symbol_addrs.txt:737	unverified
0x003A8A90	cWorldCache_addBxStreamDataTest	ssxdecomp/ssx3@0ca6b276a657cd7d6f973f5b8a159282c86537b1:config/symbol_addrs.txt:732	unverified
0x003A9800	cWorldView_getNumSections	ssxdecomp/ssx3@0ca6b276a657cd7d6f973f5b8a159282c86537b1:config/symbol_addrs.txt:271	unverified
0x003AC800	cWScriptCache_init	ssxdecomp/ssx3@0ca6b276a657cd7d6f973f5b8a159282c86537b1:config/symbol_addrs.txt:739	unverified
0x003B3578	SHAPE_unpack	ssxdecomp/ssx3@0ca6b276a657cd7d6f973f5b8a159282c86537b1:config/symbol_addrs.txt:475	unverified
0x003B39B8	SHAPE_locate	ssxdecomp/ssx3@0ca6b276a657cd7d6f973f5b8a159282c86537b1:config/symbol_addrs.txt:564	unverified
0x003B4540	SHAPE_cloneat	ssxdecomp/ssx3@0ca6b276a657cd7d6f973f5b8a159282c86537b1:config/symbol_addrs.txt:756	unverified
0x003DBCA0	USTR_length	ssxdecomp/ssx3@0ca6b276a657cd7d6f973f5b8a159282c86537b1:config/symbol_addrs.txt:469	unverified
0x003DBE20	USTR_copy	ssxdecomp/ssx3@0ca6b276a657cd7d6f973f5b8a159282c86537b1:config/symbol_addrs.txt:494	unverified
0x003DBE40	USTR_ncopy	ssxdecomp/ssx3@0ca6b276a657cd7d6f973f5b8a159282c86537b1:config/symbol_addrs.txt:752	unverified
0x003DC450	USTR_vsprintf	ssxdecomp/ssx3@0ca6b276a657cd7d6f973f5b8a159282c86537b1:config/symbol_addrs.txt:715	unverified
0x003DDDF0	FILESYS_atomic	ssxdecomp/ssx3@0ca6b276a657cd7d6f973f5b8a159282c86537b1:config/symbol_addrs.txt:749	unverified
0x003DDFA8	iFILESYS_ExecCommand	ssxdecomp/ssx3@0ca6b276a657cd7d6f973f5b8a159282c86537b1:config/symbol_addrs.txt:76	unverified
0x003DE420	iFILESYS_CommandCompleteCallback	ssxdecomp/ssx3@0ca6b276a657cd7d6f973f5b8a159282c86537b1:config/symbol_addrs.txt:748	unverified
0x003DE4D0	FILESYS_bypassqueuefileinfo	ssxdecomp/ssx3@0ca6b276a657cd7d6f973f5b8a159282c86537b1:config/symbol_addrs.txt:209	unverified
0x003DEE70	queueadd	ssxdecomp/ssx3@0ca6b276a657cd7d6f973f5b8a159282c86537b1:config/symbol_addrs.txt:77	unverified
0x003DEFC0	releaserequest	ssxdecomp/ssx3@0ca6b276a657cd7d6f973f5b8a159282c86537b1:config/symbol_addrs.txt:78	unverified
0x003DF9D8	ASYNCFILE_release	ssxdecomp/ssx3@0ca6b276a657cd7d6f973f5b8a159282c86537b1:config/symbol_addrs.txt:138	unverified
0x003E18C8	FILE_load	ssxdecomp/ssx3@0ca6b276a657cd7d6f973f5b8a159282c86537b1:config/symbol_addrs.txt:179	unverified
0x003E1A70	FILE_loadsizez	ssxdecomp/ssx3@0ca6b276a657cd7d6f973f5b8a159282c86537b1:config/symbol_addrs.txt:474	unverified
0x003E2310	FILE_loadpackatz	ssxdecomp/ssx3@0ca6b276a657cd7d6f973f5b8a159282c86537b1:config/symbol_addrs.txt:751	unverified
0x003E2470	FILE_loadpackat	ssxdecomp/ssx3@0ca6b276a657cd7d6f973f5b8a159282c86537b1:config/symbol_addrs.txt:260	unverified
0x003E2500	BIG_typeofheader	ssxdecomp/ssx3@0ca6b276a657cd7d6f973f5b8a159282c86537b1:config/symbol_addrs.txt:750	unverified
0x003E2580	BIG_sizeofheader	ssxdecomp/ssx3@0ca6b276a657cd7d6f973f5b8a159282c86537b1:config/symbol_addrs.txt:674	unverified
0x003E2610	BIG_debuginfo	ssxdecomp/ssx3@0ca6b276a657cd7d6f973f5b8a159282c86537b1:config/symbol_addrs.txt:79	unverified
0x003E2768	BIG_locateentryz	ssxdecomp/ssx3@0ca6b276a657cd7d6f973f5b8a159282c86537b1:config/symbol_addrs.txt:675	unverified
0x003E52B0	THREAD_yieldticks	ssxdecomp/ssx3@0ca6b276a657cd7d6f973f5b8a159282c86537b1:config/symbol_addrs.txt:113	unverified
0x003E5700	MUTEX_lock	ssxdecomp/ssx3@0ca6b276a657cd7d6f973f5b8a159282c86537b1:config/symbol_addrs.txt:212	unverified
0x003E5760	MUTEX_unlock	ssxdecomp/ssx3@0ca6b276a657cd7d6f973f5b8a159282c86537b1:config/symbol_addrs.txt:213	unverified
0x003E57F8	SYNCTASK_add	ssxdecomp/ssx3@0ca6b276a657cd7d6f973f5b8a159282c86537b1:config/symbol_addrs.txt:747	unverified
0x003E58C8	SYNCTASK_del	ssxdecomp/ssx3@0ca6b276a657cd7d6f973f5b8a159282c86537b1:config/symbol_addrs.txt:755	unverified
0x003E5928	SYNCTASK_run	ssxdecomp/ssx3@0ca6b276a657cd7d6f973f5b8a159282c86537b1:config/symbol_addrs.txt:211	unverified
0x003E6070	REAL_abortmessage	ssxdecomp/ssx3@0ca6b276a657cd7d6f973f5b8a159282c86537b1:config/symbol_addrs.txt:602	unverified
0x00416404	strchr	ssxdecomp/ssx3@0ca6b276a657cd7d6f973f5b8a159282c86537b1:config/symbol_addrs.txt:210	unverified
0x004166F4	strcpy	ssxdecomp/ssx3@0ca6b276a657cd7d6f973f5b8a159282c86537b1:config/symbol_addrs.txt:110	unverified
0x00416810	strlen	ssxdecomp/ssx3@0ca6b276a657cd7d6f973f5b8a159282c86537b1:config/symbol_addrs.txt:120	unverified
0x00416CE0	strncpy	ssxdecomp/ssx3@0ca6b276a657cd7d6f973f5b8a159282c86537b1:config/symbol_addrs.txt:109	unverified
0x00417828	sprintf	ssxdecomp/ssx3@0ca6b276a657cd7d6f973f5b8a159282c86537b1:config/symbol_addrs.txt:108	unverified
0x00420378	ungetc	ssxdecomp/ssx3@0ca6b276a657cd7d6f973f5b8a159282c86537b1:config/symbol_addrs.txt:757	unverified
